{"type": "FeatureCollection", "attribution": "\u00a9 OpenStreetMap contributors, ODbL 1.0 (https://www.openstreetmap.org/copyright). Extracted via Overpass API 2026-10-05; clipped to Bells Bend peninsula (river-bounded, south of ~36.205N) plus NORTH strip 36.204-36.24N, -86.96 to -86.885.", "features": [{"type": "Feature", "properties": {"highway": "track", "surface": "grass", "osm_id": 19441231, "zone": "NORTH", "len_km": 0.296}, "geometry": {"type": "LineString", "coordinates": [[-86.928137, 36.206174], [-86.928365, 36.206801], [-86.929163, 36.208705]]}}, {"type": "Feature", "properties": {"highway": "track", "osm_id": 19441270, "zone": "NORTH", "len_km": 0.365}, "geometry": {"type": "LineString", "coordinates": [[-86.904631, 36.20977], [-86.904299, 36.209647], [-86.904044, 36.209682], [-86.903815, 36.209704], [-86.903641, 36.209697], [-86.903472, 36.209672], [-86.903128, 36.209595], [-86.902782, 36.209479], [-86.902508, 36.20927], [-86.90193, 36.208778], [-86.901562, 36.208386], [-86.901484, 36.208267], [-86.901421, 36.208157]]}}, {"type": "Feature", "properties": {"highway": "track", "osm_id": 19441272, "zone": "NORTH", "len_km": 0.349}, "geometry": {"type": "LineString", "coordinates": [[-86.919494, 36.20894], [-86.919505, 36.208846], [-86.919535, 36.2088], [-86.919595, 36.208769], [-86.919641, 36.208763], [-86.919853, 36.208795], [-86.919929, 36.208795], [-86.920025, 36.208787], [-86.920089, 36.208764], [-86.920141, 36.208725], [-86.920171, 36.20867], [-86.920172, 36.208608], [-86.920142, 36.208539], [-86.920062, 36.208441], [-86.91994, 36.20833], [-86.919633, 36.208105], [-86.919552, 36.208036], [-86.919499, 36.207967], [-86.919468, 36.20789], [-86.919454, 36.207808], [-86.919457, 36.207724], [-86.919532, 36.207326], [-86.919572, 36.207181], [-86.919622, 36.207059], [-86.919629, 36.207009], [-86.919618, 36.206955], [-86.919579, 36.206908], [-86.919522, 36.206878], [-86.91945, 36.206859], [-86.919373, 36.206858], [-86.919304, 36.206868], [-86.919228, 36.206896], [-86.919112, 36.206961]]}}, {"type": "Feature", "properties": {"highway": "service", "surface": "unpaved", "osm_id": 19441709, "zone": "NORTH", "len_km": 0.281}, "geometry": {"type": "LineString", "coordinates": [[-86.903501, 36.23988], [-86.903201, 36.239799], [-86.902792, 36.239688], [-86.902195, 36.239337], [-86.901866, 36.239166], [-86.901769, 36.239049], [-86.901734, 36.238972], [-86.901712, 36.238925], [-86.901598, 36.238869], [-86.901472, 36.238893], [-86.901352, 36.239061], [-86.901272, 36.239395]]}}, {"type": "Feature", "properties": {"highway": "track", "osm_id": 19442559, "zone": "NORTH", "len_km": 0.435}, "geometry": {"type": "LineString", "coordinates": [[-86.933509, 36.208402], [-86.93364, 36.208663], [-86.933659, 36.208735], [-86.933697, 36.2089], [-86.933736, 36.209011], [-86.933856, 36.209253], [-86.933979, 36.209436], [-86.934398, 36.210113], [-86.934869, 36.210817], [-86.935548, 36.211946]]}}, {"type": "Feature", "properties": {"highway": "service", "osm_id": 19443672, "zone": "NORTH", "len_km": 0.331}, "geometry": {"type": "LineString", "coordinates": [[-86.917652, 36.21724], [-86.917474, 36.217201], [-86.916475, 36.216983], [-86.916364, 36.21695], [-86.915873, 36.216767], [-86.915168, 36.216593], [-86.915125, 36.21653], [-86.915152, 36.216458], [-86.915204, 36.216369], [-86.915297, 36.216249], [-86.915577, 36.215931], [-86.915611, 36.21584]]}}, {"type": "Feature", "properties": {"highway": "service", "osm_id": 19443678, "zone": "NORTH", "len_km": 0.399}, "geometry": {"type": "LineString", "coordinates": [[-86.91671, 36.219101], [-86.913979, 36.219225], [-86.912268, 36.219356]]}}, {"type": "Feature", "properties": {"highway": "track", "osm_id": 19443686, "zone": "PEN-N", "len_km": 0.834}, "geometry": {"type": "LineString", "coordinates": [[-86.92478, 36.199747], [-86.924673, 36.199669], [-86.924486, 36.19961], [-86.924286, 36.199607], [-86.923768, 36.19968], [-86.923554, 36.19974], [-86.923417, 36.199834], [-86.923287, 36.199998], [-86.923233, 36.200218], [-86.923178, 36.200408], [-86.922985, 36.200853], [-86.92293, 36.20098], [-86.922912, 36.201136], [-86.922953, 36.201331], [-86.923209, 36.201938], [-86.923248, 36.202041], [-86.923314, 36.202148], [-86.923811, 36.202694], [-86.92386, 36.202784], [-86.924246, 36.203252], [-86.924314, 36.203294], [-86.924392, 36.203309], [-86.92478, 36.203275], [-86.925768, 36.203361], [-86.926258, 36.203432], [-86.926376, 36.203446], [-86.926646, 36.203443], [-86.926734, 36.203445], [-86.927336, 36.203557]]}}, {"type": "Feature", "properties": {"name": "Tidwell Hollow Road", "highway": "residential", "osm_id": 19444061, "zone": "PEN-N", "len_km": 1.484}, "geometry": {"type": "LineString", "coordinates": [[-86.931123, 36.175527], [-86.930944, 36.175602], [-86.930018, 36.176192], [-86.928804, 36.17695], [-86.928133, 36.177383], [-86.927871, 36.177582], [-86.927645, 36.177773], [-86.92742, 36.177996], [-86.927188, 36.178242], [-86.927061, 36.178343], [-86.926902, 36.178457], [-86.925955, 36.179005], [-86.925906, 36.179033], [-86.925757, 36.179121], [-86.925286, 36.179397], [-86.925232, 36.179429], [-86.924735, 36.17972], [-86.924644, 36.179773], [-86.924442, 36.179892], [-86.923419, 36.180492], [-86.923062, 36.180701], [-86.922436, 36.181068], [-86.921979, 36.181336], [-86.92189, 36.181388], [-86.921372, 36.181691], [-86.920876, 36.181979], [-86.920586, 36.18215], [-86.92027, 36.182335], [-86.919831, 36.182592], [-86.918355, 36.183454], [-86.918289, 36.183543], [-86.918137, 36.183747]]}}, {"type": "Feature", "properties": {"highway": "track", "osm_id": 19444207, "zone": "NORTH", "len_km": 0.336}, "geometry": {"type": "LineString", "coordinates": [[-86.892897, 36.21182], [-86.892879, 36.212173], [-86.892639, 36.214126], [-86.892559, 36.214513], [-86.892563, 36.214584], [-86.892593, 36.214652], [-86.892665, 36.21474], [-86.892736, 36.21478]]}}, {"type": "Feature", "properties": {"highway": "service", "osm_id": 19444297, "zone": "PEN-N", "len_km": 0.058}, "geometry": {"type": "LineString", "coordinates": [[-86.94007, 36.206043], [-86.939945, 36.205783], [-86.939832, 36.205558]]}}, {"type": "Feature", "properties": {"highway": "service", "osm_id": 19444300, "zone": "PEN-N", "len_km": 0.053}, "geometry": {"type": "LineString", "coordinates": [[-86.939185, 36.20636], [-86.93907, 36.206096], [-86.938931, 36.205938]]}}, {"type": "Feature", "properties": {"highway": "service", "osm_id": 19445009, "zone": "PEN-S", "len_km": 0.983}, "geometry": {"type": "LineString", "coordinates": [[-86.910188, 36.147208], [-86.91297, 36.152215], [-86.912946, 36.152298], [-86.912052, 36.152974], [-86.910637, 36.153593], [-86.910318, 36.154095], [-86.910321, 36.154523]]}}, {"type": "Feature", "properties": {"highway": "service", "surface": "gravel", "osm_id": 19445552, "zone": "PEN-C", "len_km": 1.709}, "geometry": {"type": "LineString", "coordinates": [[-86.930953, 36.165721], [-86.93086, 36.165754], [-86.930312, 36.165685], [-86.92999, 36.165658], [-86.929852, 36.165659], [-86.929719, 36.165664], [-86.929589, 36.165684], [-86.928687, 36.165872], [-86.928518, 36.165922], [-86.928371, 36.165986], [-86.926421, 36.166936], [-86.926004, 36.167132], [-86.925228, 36.167579], [-86.924937, 36.167734], [-86.924475, 36.167998], [-86.923988, 36.168262], [-86.923755, 36.1684], [-86.923571, 36.168529], [-86.923393, 36.168673], [-86.923269, 36.168797], [-86.923159, 36.168924], [-86.922867, 36.169285], [-86.922754, 36.169405], [-86.922476, 36.16967], [-86.921804, 36.170372], [-86.921613, 36.170567], [-86.92141, 36.170759], [-86.921132, 36.171022], [-86.92106, 36.1711], [-86.920866, 36.171324], [-86.920738, 36.17147], [-86.920599, 36.171611], [-86.919958, 36.172238], [-86.919814, 36.172367], [-86.919625, 36.172579], [-86.919543, 36.172647], [-86.919271, 36.172804], [-86.919203, 36.17286], [-86.919132, 36.17292], [-86.919106, 36.172936], [-86.919097, 36.172941], [-86.919032, 36.172979], [-86.918944, 36.173014], [-86.918802, 36.173053], [-86.918598, 36.173095], [-86.918336, 36.173143], [-86.918228, 36.173174], [-86.918128, 36.173216], [-86.917949, 36.173304], [-86.917859, 36.173338], [-86.917756, 36.173366], [-86.917635, 36.173386], [-86.917525, 36.173397], [-86.91745, 36.173399], [-86.917373, 36.173392], [-86.917298, 36.173362], [-86.917255, 36.173325], [-86.917237, 36.173287], [-86.917237, 36.173242], [-86.917255, 36.173197], [-86.917282, 36.173174], [-86.917324, 36.173163], [-86.917442, 36.173139], [-86.91753, 36.17311], [-86.91765, 36.173061], [-86.917756, 36.173001], [-86.918041, 36.172825], [-86.918108, 36.172775], [-86.918134, 36.172721], [-86.918138, 36.172673], [-86.918127, 36.172626], [-86.918098, 36.172584], [-86.918063, 36.172553], [-86.917961, 36.172501]]}}, {"type": "Feature", "properties": {"highway": "track", "osm_id": 19445994, "zone": "NORTH", "len_km": 0.416}, "geometry": {"type": "LineString", "coordinates": [[-86.896103, 36.211682], [-86.896131, 36.211825], [-86.896202, 36.211908], [-86.89622, 36.21195], [-86.896339, 36.212439], [-86.896354, 36.212575], [-86.896345, 36.21272], [-86.896301, 36.213136], [-86.896301, 36.213274], [-86.896316, 36.213386], [-86.896368, 36.213506], [-86.896456, 36.213643], [-86.896575, 36.213771], [-86.896697, 36.213871], [-86.897025, 36.214073], [-86.897213, 36.214161], [-86.897295, 36.214222], [-86.897343, 36.214308], [-86.897363, 36.214408], [-86.897368, 36.214604], [-86.897346, 36.214746], [-86.897302, 36.214907], [-86.89725, 36.215034]]}}, {"type": "Feature", "properties": {"highway": "track", "osm_id": 19445998, "zone": "NORTH", "len_km": 0.465}, "geometry": {"type": "LineString", "coordinates": [[-86.902089, 36.210738], [-86.902116, 36.211076], [-86.902109, 36.21142], [-86.902187, 36.21178], [-86.902194, 36.211854], [-86.902172, 36.211953], [-86.902141, 36.212325], [-86.902097, 36.212631], [-86.902008, 36.212938], [-86.901954, 36.213045], [-86.901625, 36.213527], [-86.901592, 36.213623], [-86.901585, 36.213718], [-86.90164, 36.213904], [-86.901632, 36.213973], [-86.901593, 36.214068], [-86.90141, 36.21446], [-86.901353, 36.21458], [-86.901305, 36.214629], [-86.90125, 36.214763]]}}, {"type": "Feature", "properties": {"name": "Cleeces Rerry Road", "highway": "residential", "osm_id": 19456804, "zone": "PEN-C", "len_km": 1.523}, "geometry": {"type": "LineString", "coordinates": [[-86.931286, 36.166194], [-86.931376, 36.166244], [-86.931557, 36.166449], [-86.931716, 36.166663], [-86.931879, 36.166881], [-86.932016, 36.16712], [-86.932116, 36.167362], [-86.932192, 36.167716], [-86.932239, 36.168072], [-86.932318, 36.168646], [-86.932332, 36.168745], [-86.932572, 36.170467], [-86.932701, 36.171393], [-86.932738, 36.171658], [-86.932768, 36.171879], [-86.932832, 36.172332], [-86.932948, 36.173168], [-86.932968, 36.173902], [-86.932971, 36.174004], [-86.932961, 36.174336], [-86.932949, 36.1745], [-86.932938, 36.174658], [-86.932885, 36.175025], [-86.932763, 36.175553], [-86.932627, 36.176001], [-86.932561, 36.176278], [-86.932535, 36.176483], [-86.932525, 36.176851], [-86.932473, 36.17716], [-86.932366, 36.177644], [-86.932326, 36.177975], [-86.932291, 36.178561], [-86.93228, 36.178859], [-86.932296, 36.179078], [-86.932277, 36.179201], [-86.932271, 36.179238], [-86.932145, 36.179398], [-86.931991, 36.17956]]}}, {"type": "Feature", "properties": {"name": "Pecan Valley Road", "highway": "residential", "surface": "asphalt", "lanes": "2", "osm_id": 19458174, "zone": "NORTH", "len_km": 3.524}, "geometry": {"type": "LineString", "coordinates": [[-86.916288, 36.220331], [-86.916532, 36.220638], [-86.916715, 36.221028], [-86.916872, 36.221287], [-86.917119, 36.221366], [-86.917423, 36.221371], [-86.918143, 36.221277], [-86.9186, 36.221196], [-86.919188, 36.221133], [-86.919691, 36.221176], [-86.920595, 36.221218], [-86.921344, 36.221154], [-86.921523, 36.221139], [-86.922894, 36.220728], [-86.923273, 36.220615], [-86.923445, 36.220563], [-86.924154, 36.22031], [-86.924396, 36.220195], [-86.924714, 36.220044], [-86.925084, 36.219792], [-86.925453, 36.219536], [-86.925714, 36.219341], [-86.925966, 36.219153], [-86.926166, 36.219008], [-86.926462, 36.2188], [-86.926941, 36.218454], [-86.927571, 36.217869], [-86.927946, 36.217615], [-86.92862, 36.217298], [-86.929028, 36.217127], [-86.930061, 36.216695], [-86.930314, 36.216472], [-86.930615, 36.216095], [-86.930749, 36.215959], [-86.931187, 36.215722], [-86.931208, 36.215713], [-86.93155, 36.215563], [-86.931772, 36.215466], [-86.932142, 36.215304], [-86.932442, 36.215192], [-86.933405, 36.214842], [-86.934085, 36.214595], [-86.934109, 36.214586], [-86.934866, 36.214174], [-86.93533, 36.214004], [-86.935896, 36.213758], [-86.936119, 36.213689], [-86.936608, 36.2135], [-86.936723, 36.213441], [-86.937511, 36.213033], [-86.938456, 36.212586], [-86.938513, 36.212553], [-86.939398, 36.212035], [-86.939572, 36.211896], [-86.93975, 36.211756], [-86.939883, 36.211655], [-86.939926, 36.211622], [-86.940071, 36.211505], [-86.940442, 36.211136], [-86.940506, 36.211062], [-86.940845, 36.210654], [-86.941073, 36.210381], [-86.941133, 36.210327], [-86.941935, 36.209611], [-86.942709, 36.209012], [-86.943625, 36.208372], [-86.9438, 36.208198], [-86.943977, 36.208023], [-86.944365, 36.207746], [-86.945955, 36.206926], [-86.946606, 36.206444], [-86.946886, 36.20614], [-86.947096, 36.205822], [-86.947148, 36.205479], [-86.947202, 36.205251], [-86.947242, 36.20509]]}}, {"type": "Feature", "properties": {"name": "Ashland City Highway", "highway": "residential", "osm_id": 19458571, "zone": "NORTH", "len_km": 0.069}, "geometry": {"type": "LineString", "coordinates": [[-86.898302, 36.210865], [-86.898259, 36.210929], [-86.898041, 36.21114], [-86.898016, 36.211173], [-86.897998, 36.21123], [-86.897988, 36.211407]]}}, {"type": "Feature", "properties": {"name": "Cleeces Ferry Road", "highway": "track", "osm_id": 19466959, "zone": "PEN-N", "len_km": 0.212}, "geometry": {"type": "LineString", "coordinates": [[-86.927374, 36.204375], [-86.927451, 36.204467], [-86.927481, 36.20453], [-86.927707, 36.205171], [-86.927933, 36.205539], [-86.928137, 36.206174]]}}, {"type": "Feature", "properties": {"name": "Old Hydes Ferry Pike", "highway": "residential", "osm_id": 19471771, "zone": "NORTH", "len_km": 3.726}, "geometry": {"type": "LineString", "coordinates": [[-86.898396, 36.210689], [-86.898501, 36.210668], [-86.898906, 36.210645], [-86.899104, 36.210627], [-86.899338, 36.210592], [-86.899505, 36.210546], [-86.900102, 36.210351], [-86.900526, 36.21022], [-86.900827, 36.21014], [-86.901082, 36.210097], [-86.901249, 36.210085], [-86.901412, 36.210091], [-86.901534, 36.210102], [-86.901909, 36.210171], [-86.902034, 36.210177], [-86.902155, 36.210164], [-86.90292, 36.209995], [-86.904048, 36.209813], [-86.904322, 36.209783], [-86.904631, 36.20977], [-86.905117, 36.209779], [-86.905371, 36.209807], [-86.905939, 36.209885], [-86.906412, 36.209929], [-86.906959, 36.209942], [-86.908107, 36.209884], [-86.908326, 36.209873], [-86.908844, 36.209824], [-86.909348, 36.209756], [-86.909808, 36.209644], [-86.910193, 36.209527], [-86.912244, 36.208787], [-86.912318, 36.208764], [-86.912642, 36.208663], [-86.913185, 36.208528], [-86.913652, 36.208434], [-86.914197, 36.208373], [-86.914681, 36.208343], [-86.915226, 36.20835], [-86.915471, 36.208372], [-86.916089, 36.208427], [-86.917465, 36.208461], [-86.917725, 36.208487], [-86.919494, 36.20894], [-86.920112, 36.209052], [-86.920573, 36.209108], [-86.922017, 36.209241], [-86.922641, 36.209218], [-86.922772, 36.209221], [-86.922961, 36.20924], [-86.923263, 36.209293], [-86.923642, 36.209384], [-86.924214, 36.20952], [-86.924414, 36.209568], [-86.924578, 36.209607], [-86.925133, 36.20974], [-86.92527, 36.209772], [-86.925407, 36.20979], [-86.925555, 36.209792], [-86.925689, 36.209776], [-86.925852, 36.209739], [-86.926109, 36.209659], [-86.926239, 36.209618], [-86.929163, 36.208705], [-86.929775, 36.208513], [-86.933013, 36.207427], [-86.933246, 36.207341], [-86.934053, 36.207378], [-86.934365, 36.207322], [-86.93629, 36.206902], [-86.936837, 36.206783], [-86.937099, 36.20672], [-86.937267, 36.206673], [-86.937393, 36.206625], [-86.937707, 36.206466], [-86.937797, 36.206433], [-86.937905, 36.206421], [-86.937998, 36.206428], [-86.938099, 36.206446], [-86.938171, 36.206482], [-86.938242, 36.206552], [-86.938304, 36.206674]]}}, {"type": "Feature", "properties": {"name": "Old Hickory Boulevard", "highway": "residential", "osm_id": 19472725, "zone": "PEN-C", "len_km": 10.117}, "geometry": {"type": "LineString", "coordinates": [[-86.892774, 36.144521], [-86.893582, 36.144845], [-86.894115, 36.14504], [-86.894905, 36.145304], [-86.895292, 36.145434], [-86.896376, 36.145793], [-86.89734, 36.146046], [-86.89829, 36.146277], [-86.899239, 36.146445], [-86.900283, 36.146611], [-86.900455, 36.146639], [-86.901615, 36.14676], [-86.902777, 36.146871], [-86.904405, 36.146987], [-86.906344, 36.147025], [-86.909174, 36.147129], [-86.910188, 36.147208], [-86.912281, 36.147471], [-86.913974, 36.147578], [-86.915074, 36.147677], [-86.915632, 36.14773], [-86.915777, 36.147747], [-86.916231, 36.147808], [-86.916648, 36.147918], [-86.916996, 36.148065], [-86.917242, 36.148178], [-86.917453, 36.148304], [-86.917805, 36.148574], [-86.918037, 36.148805], [-86.918254, 36.149089], [-86.918372, 36.149289], [-86.91849, 36.149541], [-86.918604, 36.149761], [-86.918695, 36.150015], [-86.918821, 36.150358], [-86.918949, 36.150746], [-86.919709, 36.152834], [-86.920114, 36.153949], [-86.920434, 36.154827], [-86.920514, 36.155085], [-86.920557, 36.155222], [-86.920716, 36.155521], [-86.920934, 36.155857], [-86.92105, 36.15606], [-86.921364, 36.156453], [-86.921738, 36.156838], [-86.922254, 36.157278], [-86.922733, 36.157621], [-86.923058, 36.15789], [-86.923263, 36.158062], [-86.923465, 36.158232], [-86.923718, 36.158463], [-86.923936, 36.158713], [-86.924202, 36.159067], [-86.92436, 36.159339], [-86.92437, 36.159356], [-86.924541, 36.159712], [-86.924737, 36.160174], [-86.924747, 36.160192], [-86.924895, 36.160454], [-86.925124, 36.16076], [-86.925413, 36.161067], [-86.926013, 36.161469], [-86.926863, 36.162047], [-86.927185, 36.162279], [-86.927314, 36.162371], [-86.927719, 36.162674], [-86.928034, 36.162922], [-86.928345, 36.163178], [-86.928621, 36.163423], [-86.928896, 36.16368], [-86.929628, 36.164384], [-86.929974, 36.164727], [-86.930574, 36.165314], [-86.930783, 36.165531], [-86.930953, 36.165721], [-86.931101, 36.165914], [-86.931207, 36.166073], [-86.931286, 36.166194], [-86.931376, 36.166361], [-86.931455, 36.166524], [-86.931536, 36.166722], [-86.931599, 36.166894], [-86.931662, 36.167144], [-86.931703, 36.167304], [-86.931731, 36.167474], [-86.93175, 36.16766], [-86.931762, 36.167865], [-86.931755, 36.168037], [-86.931735, 36.168251], [-86.931703, 36.168464], [-86.931662, 36.168667], [-86.931599, 36.168869], [-86.931522, 36.16909], [-86.931197, 36.169861], [-86.931103, 36.170083], [-86.930893, 36.170577], [-86.930591, 36.171295], [-86.930508, 36.171507], [-86.930438, 36.17174], [-86.930386, 36.171955], [-86.930353, 36.172204], [-86.930342, 36.172403], [-86.930339, 36.172707], [-86.930359, 36.172953], [-86.930398, 36.17316], [-86.930436, 36.173324], [-86.930465, 36.173428], [-86.930484, 36.173492], [-86.930572, 36.173773], [-86.930648, 36.174014], [-86.93077, 36.174403], [-86.930858, 36.174682], [-86.930964, 36.175019], [-86.931123, 36.175527], [-86.931195, 36.175783], [-86.931234, 36.175944], [-86.931268, 36.176151], [-86.931303, 36.176426], [-86.931316, 36.176725], [-86.93134, 36.178193], [-86.931338, 36.178736], [-86.931337, 36.178985], [-86.931302, 36.179785], [-86.931292, 36.180019], [-86.931083, 36.180868], [-86.930832, 36.181647], [-86.93081, 36.181714], [-86.930763, 36.181818], [-86.930491, 36.182496], [-86.930155, 36.183012], [-86.929691, 36.183638], [-86.929661, 36.183679], [-86.929376, 36.184066], [-86.929171, 36.184602], [-86.92915, 36.184814], [-86.929112, 36.185205], [-86.929101, 36.185312], [-86.929128, 36.185536], [-86.929188, 36.186018], [-86.929222, 36.186808], [-86.929047, 36.187622], [-86.928693, 36.188823], [-86.928125, 36.18985], [-86.927722, 36.190577], [-86.927677, 36.190659], [-86.927035, 36.191844], [-86.926585, 36.192675], [-86.926364, 36.193093], [-86.926325, 36.193174], [-86.926225, 36.193374], [-86.925367, 36.19517], [-86.925292, 36.195364], [-86.925265, 36.195464], [-86.925215, 36.195649], [-86.925167, 36.19593], [-86.925165, 36.196171], [-86.925188, 36.196376], [-86.925232, 36.196577], [-86.925292, 36.196767], [-86.925297, 36.196782], [-86.925373, 36.196944], [-86.925511, 36.197163], [-86.926056, 36.197856], [-86.926273, 36.198171], [-86.926433, 36.198453], [-86.926554, 36.198725], [-86.926646, 36.198971], [-86.92688, 36.19956], [-86.927042, 36.200042], [-86.927159, 36.200574], [-86.927227, 36.201067], [-86.927241, 36.201439], [-86.927254, 36.20176], [-86.927312, 36.203144], [-86.927336, 36.203557], [-86.927374, 36.204375], [-86.927383, 36.205139], [-86.927125, 36.205812], [-86.926665, 36.206278], [-86.926339, 36.206464], [-86.925944, 36.206688], [-86.924864, 36.207303], [-86.924637, 36.207437], [-86.923317, 36.208104], [-86.923029, 36.208272], [-86.922805, 36.208429], [-86.922614, 36.208579], [-86.922443, 36.208733], [-86.922317, 36.208864], [-86.922166, 36.209037], [-86.922017, 36.209241], [-86.921279, 36.210904], [-86.921004, 36.211486]]}}, {"type": "Feature", "properties": {"name": "Sulphur Creek Road", "highway": "residential", "osm_id": 19477484, "zone": "NORTH", "len_km": 0.233}, "geometry": {"type": "LineString", "coordinates": [[-86.90571, 36.239184], [-86.905598, 36.239163], [-86.905454, 36.239166], [-86.905301, 36.23921], [-86.904738, 36.239521], [-86.904496, 36.239624], [-86.904201, 36.239712], [-86.903704, 36.239787], [-86.903584, 36.239825], [-86.903501, 36.23988], [-86.903432, 36.24]]}}, {"type": "Feature", "properties": {"name": "Sulphur Creek Road", "highway": "residential", "osm_id": 19477484, "zone": "NORTH", "len_km": 0.335}, "geometry": {"type": "LineString", "coordinates": [[-86.887528, 36.23889], [-86.88706, 36.238427], [-86.88665, 36.237953], [-86.885767, 36.236747], [-86.88544, 36.236388]]}}, {"type": "Feature", "properties": {"name": "Toney Carroll Road", "highway": "residential", "osm_id": 19478894, "zone": "NORTH", "len_km": 1.434}, "geometry": {"type": "LineString", "coordinates": [[-86.909361, 36.231928], [-86.909158, 36.231884], [-86.908265, 36.231595], [-86.908197, 36.231582], [-86.907075, 36.231368], [-86.905871, 36.231193], [-86.905554, 36.231158], [-86.903277, 36.231056], [-86.903254, 36.231056], [-86.902075, 36.231039], [-86.901174, 36.231046], [-86.900944, 36.231078], [-86.900718, 36.231128], [-86.900565, 36.231132], [-86.900429, 36.231117], [-86.900262, 36.231123], [-86.900083, 36.23116], [-86.899962, 36.231212], [-86.899352, 36.231497], [-86.898967, 36.231677], [-86.898218, 36.232069], [-86.897623, 36.232415], [-86.897323, 36.232506], [-86.897076, 36.232528], [-86.896853, 36.232597], [-86.896835, 36.232606], [-86.89662, 36.232712], [-86.896381, 36.232833], [-86.896278, 36.232938], [-86.896207, 36.23301], [-86.896108, 36.23319], [-86.896006, 36.233328], [-86.895874, 36.233417], [-86.895464, 36.233568], [-86.895043, 36.233776], [-86.894876, 36.233906], [-86.894683, 36.234007]]}}, {"type": "Feature", "properties": {"name": "Wwcr Avenue", "highway": "residential", "osm_id": 19480482, "zone": "NORTH", "len_km": 0.28}, "geometry": {"type": "LineString", "coordinates": [[-86.895535, 36.211735], [-86.895505, 36.211574], [-86.895469, 36.211453], [-86.895416, 36.211372], [-86.895351, 36.211307], [-86.895279, 36.211254], [-86.895193, 36.211204], [-86.895104, 36.211169], [-86.894912, 36.211118], [-86.894744, 36.211082], [-86.894203, 36.210996], [-86.89415, 36.210978], [-86.894102, 36.210946], [-86.894078, 36.210909], [-86.894065, 36.210864], [-86.894062, 36.210815], [-86.894065, 36.210635], [-86.894069, 36.210529], [-86.894056, 36.210484], [-86.894032, 36.210449], [-86.893995, 36.210415], [-86.893651, 36.210234], [-86.8936, 36.210217], [-86.893552, 36.210207]]}}, {"type": "Feature", "properties": {"name": "River Trace", "highway": "unclassified", "surface": "asphalt", "lanes": "2", "osm_id": 28057260, "zone": "NORTH", "len_km": 0.625}, "geometry": {"type": "LineString", "coordinates": [[-86.953365, 36.208616], [-86.953517, 36.208503], [-86.953848, 36.208229], [-86.953972, 36.208151], [-86.9541, 36.20809], [-86.954243, 36.208047], [-86.954393, 36.208025], [-86.954552, 36.208021], [-86.95474, 36.208039], [-86.955195, 36.20813], [-86.956441, 36.208377], [-86.956722, 36.208422], [-86.956968, 36.208433], [-86.957142, 36.208425], [-86.957343, 36.208406], [-86.957505, 36.208382], [-86.957689, 36.20834], [-86.957877, 36.208284], [-86.958858, 36.20794], [-86.959062, 36.20789], [-86.959264, 36.207859], [-86.959471, 36.207848], [-86.9597, 36.207868], [-86.959894, 36.207902]]}}, {"type": "Feature", "properties": {"name": "Bull Run Road", "highway": "residential", "surface": "asphalt", "lanes": "2", "osm_id": 110861847, "zone": "NORTH", "len_km": 1.368}, "geometry": {"type": "LineString", "coordinates": [[-86.910519, 36.230253], [-86.911787, 36.230919], [-86.911952, 36.231027], [-86.912101, 36.231137], [-86.912336, 36.231355], [-86.912773, 36.231836], [-86.913179, 36.232317], [-86.913569, 36.232805], [-86.913921, 36.233294], [-86.91431, 36.233963], [-86.914556, 36.234353], [-86.91481, 36.234626], [-86.915081, 36.234834], [-86.915571, 36.235182], [-86.916097, 36.235553], [-86.916455, 36.235839], [-86.916762, 36.236138], [-86.916996, 36.236423], [-86.917192, 36.236707], [-86.917357, 36.236988], [-86.917498, 36.237277], [-86.917647, 36.23758], [-86.91782, 36.237881], [-86.918027, 36.238146], [-86.918255, 36.238392], [-86.918505, 36.238619], [-86.918675, 36.238762], [-86.91929, 36.239319], [-86.919567, 36.239545], [-86.91987, 36.239755]]}}, {"type": "Feature", "properties": {"name": "Bull Run Road", "highway": "residential", "surface": "asphalt", "lanes": "2", "osm_id": 110861847, "zone": "NORTH", "len_km": 1.548}, "geometry": {"type": "LineString", "coordinates": [[-86.944414, 36.238914], [-86.945133, 36.238597], [-86.945458, 36.238462], [-86.945695, 36.23838], [-86.946002, 36.238292], [-86.946994, 36.238009], [-86.94797, 36.23773], [-86.948467, 36.237557], [-86.948878, 36.23739], [-86.949997, 36.236882], [-86.950538, 36.23663], [-86.950797, 36.236471], [-86.951044, 36.23628], [-86.951287, 36.236075], [-86.951515, 36.235884], [-86.95158, 36.235829], [-86.951738, 36.235717], [-86.951977, 36.235574], [-86.953303, 36.234852], [-86.9534, 36.234798], [-86.954111, 36.234389], [-86.954191, 36.234344], [-86.954989, 36.233928], [-86.955174, 36.233824], [-86.955519, 36.233662], [-86.95597, 36.23348], [-86.956425, 36.233335], [-86.957175, 36.233106], [-86.957828, 36.232906], [-86.958423, 36.232725], [-86.95952, 36.232378]]}}, {"type": "Feature", "properties": {"name": "Ashland City Highway", "highway": "primary", "ref": "TN 12", "lanes": "2", "osm_id": 286877717, "zone": "NORTH", "len_km": 0.805}, "geometry": {"type": "LineString", "coordinates": [[-86.953365, 36.208616], [-86.956404, 36.211275], [-86.959454, 36.213949]]}}, {"type": "Feature", "properties": {"name": "Ashland City Highway", "highway": "primary", "ref": "TN 12", "lanes": "2", "osm_id": 286877723, "zone": "NORTH", "len_km": 0.805}, "geometry": {"type": "LineString", "coordinates": [[-86.959607, 36.213836], [-86.95836, 36.212743], [-86.956552, 36.211158], [-86.953517, 36.208503]]}}, {"type": "Feature", "properties": {"name": "Ashland City Highway", "highway": "primary", "ref": "TN 12", "lanes": "2", "osm_id": 344347051, "zone": "PEN-N", "len_km": 1.113}, "geometry": {"type": "LineString", "coordinates": [[-86.942396, 36.205295], [-86.942838, 36.205258], [-86.943176, 36.2052], [-86.943543, 36.205145], [-86.943993, 36.205099], [-86.944476, 36.205077], [-86.945007, 36.205068], [-86.945587, 36.20508], [-86.946104, 36.205114], [-86.946655, 36.205166], [-86.947202, 36.205251], [-86.947764, 36.205375], [-86.948346, 36.20553], [-86.948358, 36.205534], [-86.949088, 36.205771], [-86.94974, 36.206041], [-86.950208, 36.206266], [-86.950635, 36.206491], [-86.951085, 36.206761], [-86.95146, 36.207015], [-86.952074, 36.20749], [-86.953365, 36.208616]]}}, {"type": "Feature", "properties": {"name": "Ashland City Highway", "highway": "primary", "ref": "TN 12", "lanes": "2", "osm_id": 344347052, "zone": "PEN-N", "len_km": 1.132}, "geometry": {"type": "LineString", "coordinates": [[-86.953517, 36.208503], [-86.952235, 36.207388], [-86.951939, 36.20715], [-86.951535, 36.206847], [-86.951155, 36.206601], [-86.950744, 36.206352], [-86.950353, 36.206135], [-86.949898, 36.205916], [-86.949453, 36.205728], [-86.94917, 36.205618], [-86.948425, 36.205376], [-86.947802, 36.20521], [-86.947242, 36.20509], [-86.946718, 36.20501], [-86.946167, 36.204948], [-86.945628, 36.204912], [-86.944977, 36.204902], [-86.944453, 36.204925], [-86.943973, 36.204964], [-86.943583, 36.205011], [-86.943384, 36.205042], [-86.943346, 36.205047], [-86.943092, 36.205088], [-86.942805, 36.205149], [-86.942396, 36.205295]]}}, {"type": "Feature", "properties": {"name": "Ashland City Highway", "highway": "primary", "ref": "TN 12", "osm_id": 344347060, "zone": "NORTH", "len_km": 3.274}, "geometry": {"type": "LineString", "coordinates": [[-86.921004, 36.211486], [-86.920162, 36.211499], [-86.919917, 36.211503], [-86.919483, 36.211509], [-86.919372, 36.211511], [-86.918483, 36.211524], [-86.916079, 36.21156], [-86.915596, 36.211542], [-86.915138, 36.211497], [-86.914725, 36.211438], [-86.914327, 36.21135], [-86.913768, 36.211183], [-86.911949, 36.210558], [-86.911897, 36.210546], [-86.911252, 36.2104], [-86.910741, 36.210321], [-86.910664, 36.210309], [-86.910095, 36.210264], [-86.909887, 36.210262], [-86.90943, 36.210257], [-86.907346, 36.210295], [-86.906132, 36.210321], [-86.905377, 36.21035], [-86.904722, 36.210394], [-86.90414, 36.210444], [-86.903505, 36.210518], [-86.902822, 36.210619], [-86.902089, 36.210738], [-86.898278, 36.211359], [-86.897988, 36.211407], [-86.89743, 36.211494], [-86.896808, 36.211587], [-86.896103, 36.211682], [-86.895535, 36.211735], [-86.895486, 36.211738], [-86.894957, 36.211773], [-86.894408, 36.211804], [-86.8939, 36.211824], [-86.893428, 36.211828], [-86.893274, 36.211826], [-86.892897, 36.21182], [-86.892591, 36.211811], [-86.89224, 36.211796], [-86.89179, 36.211773], [-86.890717, 36.211662], [-86.890124, 36.211587], [-86.889524, 36.21151], [-86.888658, 36.211331], [-86.88643, 36.210869], [-86.885676, 36.210714], [-86.88504, 36.210603]]}}, {"type": "Feature", "properties": {"highway": "service", "osm_id": 345699621, "zone": "PEN-N", "len_km": 0.178}, "geometry": {"type": "LineString", "coordinates": [[-86.917228, 36.189045], [-86.917153, 36.189018], [-86.917071, 36.189003], [-86.91699, 36.188984], [-86.916895, 36.188953], [-86.916802, 36.188915], [-86.916702, 36.188865], [-86.916626, 36.188822], [-86.91655, 36.188768], [-86.916477, 36.1887], [-86.916426, 36.188641], [-86.916383, 36.188582], [-86.916292, 36.188468], [-86.916212, 36.188453], [-86.916044, 36.188429], [-86.915949, 36.18843], [-86.915876, 36.188456], [-86.915837, 36.188513], [-86.91585, 36.18857], [-86.915905, 36.188627], [-86.915999, 36.188635]]}}, {"type": "Feature", "properties": {"highway": "service", "osm_id": 345699640, "zone": "PEN-N", "len_km": 0.079}, "geometry": {"type": "LineString", "coordinates": [[-86.925955, 36.179005], [-86.926033, 36.179099], [-86.926495, 36.179565]]}}, {"type": "Feature", "properties": {"highway": "service", "osm_id": 345699641, "zone": "PEN-N", "len_km": 0.117}, "geometry": {"type": "LineString", "coordinates": [[-86.921979, 36.181336], [-86.922622, 36.182003], [-86.922665, 36.18203], [-86.92287, 36.182063]]}}, {"type": "Feature", "properties": {"highway": "service", "osm_id": 347926183, "zone": "PEN-N", "len_km": 1.577}, "geometry": {"type": "LineString", "coordinates": [[-86.926056, 36.197856], [-86.926451, 36.197516], [-86.926596, 36.197413], [-86.926799, 36.197296], [-86.927492, 36.196954], [-86.927676, 36.196849], [-86.927803, 36.196762], [-86.928065, 36.196557], [-86.928672, 36.195977], [-86.929078, 36.195673], [-86.92927, 36.195516], [-86.931287, 36.194945], [-86.931601, 36.194837], [-86.932137, 36.194784], [-86.933421, 36.194771], [-86.934014, 36.194718], [-86.93464, 36.194532], [-86.935846, 36.194048], [-86.936098, 36.194012], [-86.936296, 36.193937], [-86.936364, 36.193872], [-86.936402, 36.19373], [-86.936391, 36.193198], [-86.936428, 36.193128], [-86.936498, 36.193072], [-86.936594, 36.193038], [-86.937183, 36.193032], [-86.937339, 36.193011], [-86.937425, 36.192957], [-86.937459, 36.192865], [-86.937438, 36.192599], [-86.93744, 36.191453], [-86.937385, 36.191276], [-86.937281, 36.191236], [-86.936441, 36.191182], [-86.936128, 36.191236], [-86.935749, 36.191289]]}}, {"type": "Feature", "properties": {"highway": "track", "osm_id": 347926185, "zone": "PEN-N", "len_km": 0.074}, "geometry": {"type": "LineString", "coordinates": [[-86.927312, 36.203144], [-86.926982, 36.203126], [-86.926764, 36.203127], [-86.92649, 36.203099]]}}, {"type": "Feature", "properties": {"name": "Old Hickory Boulevard", "highway": "tertiary", "osm_id": 430920953, "zone": "NORTH", "len_km": 0.095}, "geometry": {"type": "LineString", "coordinates": [[-86.90571, 36.239184], [-86.905519, 36.239504], [-86.90525, 36.239953]]}}, {"type": "Feature", "properties": {"highway": "service", "osm_id": 464180962, "zone": "NORTH", "len_km": 0.04}, "geometry": {"type": "LineString", "coordinates": [[-86.91987, 36.239755], [-86.919736, 36.239821], [-86.91946, 36.239901]]}}, {"type": "Feature", "properties": {"highway": "track", "osm_id": 464763920, "zone": "PEN-N", "len_km": 0.309}, "geometry": {"type": "LineString", "coordinates": [[-86.916571, 36.18541], [-86.916413, 36.185457], [-86.916139, 36.185578], [-86.915809, 36.185693], [-86.915541, 36.185769], [-86.915348, 36.185829], [-86.915155, 36.18589], [-86.914975, 36.185953], [-86.914793, 36.186046], [-86.914465, 36.186286], [-86.914194, 36.186509], [-86.91406, 36.186658], [-86.913926, 36.18684], [-86.913854, 36.18697]]}}, {"type": "Feature", "properties": {"highway": "service", "osm_id": 465020084, "zone": "PEN-N", "len_km": 0.19}, "geometry": {"type": "LineString", "coordinates": [[-86.927061, 36.178343], [-86.927099, 36.178371], [-86.927056, 36.178904], [-86.927058, 36.178953], [-86.927081, 36.178997], [-86.927126, 36.179034], [-86.927186, 36.179059], [-86.927254, 36.179081], [-86.927336, 36.179099], [-86.927708, 36.179158], [-86.927883, 36.179197], [-86.928004, 36.179239], [-86.928114, 36.1793], [-86.928245, 36.179387]]}}, {"type": "Feature", "properties": {"name": "Pine Valley Road", "highway": "residential", "osm_id": 465283334, "zone": "NORTH", "len_km": 0.959}, "geometry": {"type": "LineString", "coordinates": [[-86.954782, 36.233084], [-86.954633, 36.232712], [-86.954425, 36.232294], [-86.954324, 36.232141], [-86.95423, 36.232017], [-86.954123, 36.231839], [-86.954038, 36.231721], [-86.953936, 36.231622], [-86.953843, 36.23156], [-86.953662, 36.231465], [-86.953532, 36.23142], [-86.953451, 36.231391], [-86.953326, 36.231335], [-86.953099, 36.231219], [-86.952877, 36.231074], [-86.952709, 36.230996], [-86.952516, 36.230942], [-86.952221, 36.230836], [-86.951988, 36.230755], [-86.951818, 36.230704], [-86.951605, 36.230671], [-86.951324, 36.230666], [-86.950842, 36.230637], [-86.950275, 36.23065], [-86.949962, 36.230657], [-86.949746, 36.230707], [-86.949511, 36.230752], [-86.94931, 36.230789], [-86.948998, 36.230843], [-86.948764, 36.230895], [-86.948563, 36.230963], [-86.94835, 36.231027], [-86.94801, 36.231157], [-86.9475, 36.231424], [-86.947304, 36.23155], [-86.946814, 36.231814], [-86.946522, 36.231948], [-86.946303, 36.232044], [-86.946002, 36.23214]]}}, {"type": "Feature", "properties": {"highway": "track", "osm_id": 465867029, "zone": "PEN-N", "len_km": 0.069}, "geometry": {"type": "LineString", "coordinates": [[-86.924844, 36.17812], [-86.924723, 36.178012], [-86.924634, 36.177926], [-86.924366, 36.177638]]}}, {"type": "Feature", "properties": {"highway": "track", "bridge": "yes", "osm_id": 465867031, "zone": "PEN-N", "len_km": 0.004}, "geometry": {"type": "LineString", "coordinates": [[-86.924873, 36.178145], [-86.924844, 36.17812]]}}, {"type": "Feature", "properties": {"highway": "service", "osm_id": 465867032, "zone": "PEN-N", "len_km": 0.075}, "geometry": {"type": "LineString", "coordinates": [[-86.922675, 36.179673], [-86.922289, 36.179205], [-86.922175, 36.179136]]}}, {"type": "Feature", "properties": {"highway": "service", "bridge": "yes", "osm_id": 465867033, "zone": "PEN-N", "len_km": 0.008}, "geometry": {"type": "LineString", "coordinates": [[-86.922728, 36.179733], [-86.922675, 36.179673]]}}, {"type": "Feature", "properties": {"highway": "service", "osm_id": 465867034, "zone": "PEN-N", "len_km": 0.105}, "geometry": {"type": "LineString", "coordinates": [[-86.923419, 36.180492], [-86.923343, 36.180419], [-86.922728, 36.179733]]}}, {"type": "Feature", "properties": {"highway": "service", "osm_id": 465867037, "zone": "PEN-N", "len_km": 0.073}, "geometry": {"type": "LineString", "coordinates": [[-86.923062, 36.180701], [-86.923117, 36.180761], [-86.923315, 36.180898], [-86.923471, 36.180983], [-86.92371, 36.181083]]}}, {"type": "Feature", "properties": {"highway": "service", "osm_id": 465867038, "zone": "PEN-N", "len_km": 0.121}, "geometry": {"type": "LineString", "coordinates": [[-86.925906, 36.179033], [-86.925816, 36.178944], [-86.925444, 36.17851], [-86.925406, 36.17845], [-86.925382, 36.178386], [-86.925352, 36.178218], [-86.925406, 36.178077]]}}, {"type": "Feature", "properties": {"highway": "service", "osm_id": 465867043, "zone": "PEN-N", "len_km": 0.089}, "geometry": {"type": "LineString", "coordinates": [[-86.92742, 36.177996], [-86.92731, 36.177935], [-86.927287, 36.177906], [-86.927157, 36.177714], [-86.927067, 36.177597], [-86.927028, 36.177572], [-86.926986, 36.177562], [-86.92694, 36.177568], [-86.926902, 36.177581], [-86.926742, 36.177674]]}}, {"type": "Feature", "properties": {"highway": "service", "osm_id": 465867044, "zone": "PEN-N", "len_km": 0.134}, "geometry": {"type": "LineString", "coordinates": [[-86.925757, 36.179121], [-86.925108, 36.178374], [-86.92503, 36.178289], [-86.924873, 36.178145]]}}, {"type": "Feature", "properties": {"highway": "service", "osm_id": 465867045, "zone": "PEN-N", "len_km": 0.05}, "geometry": {"type": "LineString", "coordinates": [[-86.925232, 36.179429], [-86.924901, 36.17907]]}}, {"type": "Feature", "properties": {"highway": "service", "osm_id": 465867046, "zone": "PEN-N", "len_km": 0.066}, "geometry": {"type": "LineString", "coordinates": [[-86.924644, 36.179773], [-86.924176, 36.179309]]}}, {"type": "Feature", "properties": {"highway": "service", "osm_id": 465867047, "zone": "PEN-N", "len_km": 0.079}, "geometry": {"type": "LineString", "coordinates": [[-86.924735, 36.17972], [-86.925163, 36.180217], [-86.925295, 36.18024]]}}, {"type": "Feature", "properties": {"highway": "service", "osm_id": 465867048, "zone": "PEN-N", "len_km": 0.162}, "geometry": {"type": "LineString", "coordinates": [[-86.924442, 36.179892], [-86.924514, 36.179994], [-86.924627, 36.180114], [-86.924696, 36.180173], [-86.924755, 36.180212], [-86.924835, 36.18025], [-86.925142, 36.180373], [-86.925236, 36.180427], [-86.925315, 36.18049], [-86.925393, 36.180565], [-86.925676, 36.180909]]}}, {"type": "Feature", "properties": {"highway": "service", "osm_id": 465867049, "zone": "PEN-N", "len_km": 0.056}, "geometry": {"type": "LineString", "coordinates": [[-86.921372, 36.181691], [-86.921039, 36.181268]]}}, {"type": "Feature", "properties": {"highway": "service", "osm_id": 465867050, "zone": "PEN-N", "len_km": 0.074}, "geometry": {"type": "LineString", "coordinates": [[-86.92027, 36.182335], [-86.920697, 36.182739], [-86.920821, 36.182825]]}}, {"type": "Feature", "properties": {"highway": "service", "osm_id": 465867051, "zone": "PEN-N", "len_km": 0.084}, "geometry": {"type": "LineString", "coordinates": [[-86.919831, 36.182592], [-86.919895, 36.182706], [-86.920066, 36.182898], [-86.920345, 36.183227]]}}, {"type": "Feature", "properties": {"highway": "track", "osm_id": 465867052, "zone": "PEN-N", "len_km": 0.166}, "geometry": {"type": "LineString", "coordinates": [[-86.920586, 36.18215], [-86.92049, 36.182062], [-86.920415, 36.181993], [-86.920331, 36.181919], [-86.920213, 36.181835], [-86.920133, 36.18179], [-86.919904, 36.181668], [-86.919825, 36.181616], [-86.919704, 36.181528], [-86.919522, 36.181379], [-86.91922, 36.181145]]}}, {"type": "Feature", "properties": {"highway": "service", "osm_id": 465867054, "zone": "PEN-N", "len_km": 0.214}, "geometry": {"type": "LineString", "coordinates": [[-86.920876, 36.181979], [-86.92093, 36.18207], [-86.921823, 36.18307], [-86.922254, 36.183555]]}}, {"type": "Feature", "properties": {"highway": "service", "osm_id": 465867056, "zone": "PEN-N", "len_km": 0.123}, "geometry": {"type": "LineString", "coordinates": [[-86.918289, 36.183543], [-86.918397, 36.183639], [-86.918503, 36.183746], [-86.918989, 36.184298], [-86.919087, 36.184437]]}}, {"type": "Feature", "properties": {"highway": "service", "osm_id": 465867059, "zone": "PEN-N", "len_km": 0.109}, "geometry": {"type": "LineString", "coordinates": [[-86.918355, 36.183454], [-86.918897, 36.183997], [-86.91896, 36.184052], [-86.919152, 36.184191]]}}, {"type": "Feature", "properties": {"highway": "service", "osm_id": 465867061, "zone": "PEN-N", "len_km": 0.187}, "geometry": {"type": "LineString", "coordinates": [[-86.918137, 36.183747], [-86.918174, 36.183833], [-86.918129, 36.183928], [-86.918122, 36.183969], [-86.918131, 36.184018], [-86.918159, 36.184067], [-86.918441, 36.184428], [-86.918521, 36.184518], [-86.918586, 36.184585], [-86.91878, 36.184783], [-86.918845, 36.184857], [-86.919106, 36.185179]]}}, {"type": "Feature", "properties": {"highway": "track", "bridge": "yes", "osm_id": 465867067, "zone": "PEN-N", "len_km": 0.007}, "geometry": {"type": "LineString", "coordinates": [[-86.917439, 36.183817], [-86.917362, 36.183793]]}}, {"type": "Feature", "properties": {"highway": "track", "osm_id": 465867069, "zone": "PEN-N", "len_km": 0.028}, "geometry": {"type": "LineString", "coordinates": [[-86.917739, 36.183871], [-86.917439, 36.183817]]}}, {"type": "Feature", "properties": {"highway": "track", "osm_id": 465867073, "zone": "PEN-N", "len_km": 0.719}, "geometry": {"type": "LineString", "coordinates": [[-86.917487, 36.188775], [-86.917541, 36.18885], [-86.917601, 36.188988], [-86.917643, 36.189035], [-86.917695, 36.189063], [-86.917788, 36.189094], [-86.91786, 36.189104], [-86.917927, 36.189096], [-86.918001, 36.189074], [-86.918563, 36.188802], [-86.918796, 36.188668], [-86.918863, 36.188641], [-86.918932, 36.188628], [-86.918995, 36.18864], [-86.919058, 36.188675], [-86.919421, 36.188976], [-86.919506, 36.189038], [-86.919601, 36.189088], [-86.919688, 36.189122], [-86.919998, 36.189216], [-86.920068, 36.189228], [-86.920146, 36.189231], [-86.920227, 36.189222], [-86.92044, 36.189172], [-86.9205, 36.189163], [-86.920573, 36.189163], [-86.920643, 36.189179], [-86.920717, 36.189217], [-86.920777, 36.18926], [-86.920913, 36.189379], [-86.921032, 36.189468], [-86.921095, 36.189527], [-86.921147, 36.189587], [-86.921194, 36.189661], [-86.921228, 36.189733], [-86.921256, 36.189822], [-86.921269, 36.189907], [-86.921279, 36.190005], [-86.921281, 36.190205], [-86.921289, 36.190296], [-86.921308, 36.190382], [-86.921343, 36.190479], [-86.921399, 36.19056], [-86.921539, 36.190721], [-86.921578, 36.190781], [-86.921603, 36.190857], [-86.921607, 36.190967], [-86.921603, 36.191111], [-86.921583, 36.1913], [-86.921582, 36.191386], [-86.921591, 36.191455], [-86.921621, 36.191537], [-86.92167, 36.191605], [-86.921719, 36.191655], [-86.921803, 36.191724], [-86.921999, 36.191859], [-86.922338, 36.192062]]}}, {"type": "Feature", "properties": {"highway": "service", "osm_id": 465867074, "zone": "PEN-C", "len_km": 0.087}, "geometry": {"type": "LineString", "coordinates": [[-86.92141, 36.170759], [-86.921265, 36.170629], [-86.921179, 36.17057], [-86.920823, 36.170368], [-86.920756, 36.170321], [-86.920723, 36.170281], [-86.920707, 36.170237]]}}, {"type": "Feature", "properties": {"highway": "service", "osm_id": 465867075, "zone": "PEN-C", "len_km": 0.132}, "geometry": {"type": "LineString", "coordinates": [[-86.922476, 36.16967], [-86.922401, 36.169616], [-86.922132, 36.169514], [-86.922023, 36.169466], [-86.921932, 36.169412], [-86.921295, 36.168978]]}}, {"type": "Feature", "properties": {"highway": "track", "osm_id": 465867076, "zone": "PEN-N", "len_km": 0.299}, "geometry": {"type": "LineString", "coordinates": [[-86.917362, 36.183793], [-86.917304, 36.18376], [-86.917259, 36.183711], [-86.917229, 36.183651], [-86.917173, 36.183463], [-86.917101, 36.183136], [-86.917083, 36.183085], [-86.916942, 36.182873], [-86.916831, 36.182762], [-86.916594, 36.182869], [-86.916005, 36.183063], [-86.915911, 36.183083], [-86.915792, 36.183099], [-86.915676, 36.183104], [-86.915539, 36.183093], [-86.915475, 36.183096], [-86.915261, 36.183125], [-86.91518, 36.183129], [-86.915004, 36.183109]]}}, {"type": "Feature", "properties": {"highway": "track", "osm_id": 465867077, "zone": "PEN-N", "len_km": 0.428}, "geometry": {"type": "LineString", "coordinates": [[-86.917005, 36.1844], [-86.91692, 36.184424], [-86.91685, 36.184436], [-86.914719, 36.184616], [-86.9145, 36.184633], [-86.914137, 36.18465], [-86.913846, 36.184664], [-86.913523, 36.184688], [-86.91347, 36.184692], [-86.913341, 36.184708], [-86.913221, 36.18473], [-86.913092, 36.184761], [-86.912966, 36.1848], [-86.91285, 36.184841], [-86.912592, 36.184947], [-86.912525, 36.184965], [-86.912454, 36.184976], [-86.912399, 36.184977], [-86.912314, 36.184966]]}}, {"type": "Feature", "properties": {"highway": "service", "osm_id": 467267745, "zone": "NORTH", "len_km": 0.09}, "geometry": {"type": "LineString", "coordinates": [[-86.917467, 36.215694], [-86.917538, 36.215717], [-86.918406, 36.215994]]}}, {"type": "Feature", "properties": {"highway": "service", "osm_id": 603094720, "zone": "NORTH", "len_km": 0.247}, "geometry": {"type": "LineString", "coordinates": [[-86.939883, 36.211655], [-86.940056, 36.211825], [-86.940249, 36.212035], [-86.940343, 36.212119], [-86.940474, 36.212173], [-86.940614, 36.212197], [-86.940823, 36.212195], [-86.941067, 36.212169], [-86.941311, 36.212178], [-86.941389, 36.212217], [-86.941427, 36.212284], [-86.941397, 36.212353], [-86.941303, 36.21239], [-86.94114, 36.212429], [-86.941097, 36.212459], [-86.941035, 36.212509], [-86.941006, 36.212611], [-86.941038, 36.212684], [-86.941099, 36.212756]]}}, {"type": "Feature", "properties": {"highway": "service", "osm_id": 603094723, "zone": "NORTH", "len_km": 0.171}, "geometry": {"type": "LineString", "coordinates": [[-86.939383, 36.213935], [-86.938811, 36.2131], [-86.938456, 36.212586]]}}, {"type": "Feature", "properties": {"highway": "service", "osm_id": 603094725, "zone": "NORTH", "len_km": 0.115}, "geometry": {"type": "LineString", "coordinates": [[-86.939383, 36.213935], [-86.939713, 36.214421], [-86.939729, 36.214438], [-86.939907, 36.2147], [-86.940002, 36.214841]]}}, {"type": "Feature", "properties": {"highway": "service", "osm_id": 603094727, "zone": "NORTH", "len_km": 0.209}, "geometry": {"type": "LineString", "coordinates": [[-86.941099, 36.212756], [-86.940949, 36.212996], [-86.940837, 36.213154], [-86.940643, 36.213353], [-86.940346, 36.213543], [-86.94017, 36.213642], [-86.940139, 36.21366], [-86.939383, 36.213935]]}}, {"type": "Feature", "properties": {"highway": "service", "surface": "paved", "osm_id": 609339065, "zone": "PEN-S", "len_km": 0.109}, "geometry": {"type": "LineString", "coordinates": [[-86.921065, 36.154388], [-86.920965, 36.154344], [-86.920886, 36.154278], [-86.920625, 36.153983], [-86.920543, 36.153929], [-86.92043, 36.153909], [-86.920291, 36.153911], [-86.920201, 36.153923], [-86.920114, 36.153949]]}}, {"type": "Feature", "properties": {"highway": "service", "surface": "paved", "osm_id": 609339085, "zone": "PEN-C", "len_km": 0.316}, "geometry": {"type": "LineString", "coordinates": [[-86.925735, 36.156238], [-86.925441, 36.156394], [-86.925137, 36.156748], [-86.923356, 36.157353], [-86.923105, 36.157468], [-86.922733, 36.157621]]}}, {"type": "Feature", "properties": {"highway": "service", "osm_id": 611415408, "zone": "NORTH", "len_km": 0.156}, "geometry": {"type": "LineString", "coordinates": [[-86.922894, 36.220728], [-86.922822, 36.220531], [-86.92277, 36.220381], [-86.922957, 36.220067], [-86.923257, 36.219545], [-86.92329, 36.219423]]}}, {"type": "Feature", "properties": {"highway": "service", "osm_id": 612215178, "zone": "NORTH", "len_km": 0.262}, "geometry": {"type": "LineString", "coordinates": [[-86.920162, 36.211499], [-86.920268, 36.211812], [-86.920112, 36.211805], [-86.920011, 36.211865], [-86.919962, 36.211937], [-86.919872, 36.212074], [-86.919783, 36.212239], [-86.919783, 36.212317], [-86.919847, 36.212374], [-86.920216, 36.2125], [-86.92028, 36.212491], [-86.920311, 36.212462], [-86.920397, 36.212304], [-86.920459, 36.212175], [-86.920468, 36.212155], [-86.920492, 36.212108], [-86.920518, 36.212058], [-86.920548, 36.211972], [-86.920538, 36.211932], [-86.920504, 36.211902], [-86.920421, 36.211857], [-86.920268, 36.211812]]}}, {"type": "Feature", "properties": {"highway": "service", "osm_id": 612215179, "zone": "NORTH", "len_km": 0.019}, "geometry": {"type": "LineString", "coordinates": [[-86.920459, 36.212175], [-86.920644, 36.212261]]}}, {"type": "Feature", "properties": {"highway": "service", "osm_id": 612215180, "zone": "NORTH", "len_km": 0.022}, "geometry": {"type": "LineString", "coordinates": [[-86.92028, 36.212491], [-86.920429, 36.212645]]}}, {"type": "Feature", "properties": {"highway": "service", "osm_id": 612807054, "zone": "NORTH", "len_km": 0.516}, "geometry": {"type": "LineString", "coordinates": [[-86.916235, 36.220448], [-86.916033, 36.22042], [-86.915963, 36.22039], [-86.915868, 36.220357], [-86.915785, 36.220342], [-86.915669, 36.220357], [-86.915645, 36.220364], [-86.915503, 36.220409], [-86.915259, 36.220512], [-86.915118, 36.220561], [-86.914956, 36.220588], [-86.913141, 36.220543], [-86.912858, 36.220534], [-86.912505, 36.220506], [-86.912196, 36.22045], [-86.911889, 36.220331], [-86.911867, 36.220329], [-86.911828, 36.220344], [-86.911612, 36.22049], [-86.911507, 36.220535], [-86.911409, 36.220568], [-86.911251, 36.220586], [-86.911159, 36.220577], [-86.911062, 36.220553], [-86.910895, 36.220515], [-86.910829, 36.220494], [-86.910796, 36.22045], [-86.910789, 36.220408]]}}, {"type": "Feature", "properties": {"highway": "service", "osm_id": 613666210, "zone": "PEN-N", "len_km": 0.204}, "geometry": {"type": "LineString", "coordinates": [[-86.930832, 36.181647], [-86.930724, 36.181517], [-86.930603, 36.181242], [-86.930531, 36.181086], [-86.930458, 36.180976], [-86.930238, 36.180835], [-86.929957, 36.181335], [-86.929782, 36.181459], [-86.929672, 36.181361]]}}, {"type": "Feature", "properties": {"highway": "service", "osm_id": 614731929, "zone": "NORTH", "len_km": 0.335}, "geometry": {"type": "LineString", "coordinates": [[-86.885003, 36.234405], [-86.885131, 36.234266], [-86.885208, 36.234218], [-86.885285, 36.234216], [-86.885365, 36.234244], [-86.885437, 36.234266], [-86.885643, 36.234283], [-86.886149, 36.234233], [-86.886261, 36.234214], [-86.886402, 36.23421], [-86.886687, 36.23422], [-86.886873, 36.234169], [-86.887084, 36.234096], [-86.887287, 36.234053], [-86.887457, 36.234029], [-86.887593, 36.234025], [-86.887739, 36.234025], [-86.887867, 36.234042], [-86.888038, 36.234079], [-86.888144, 36.234111], [-86.888208, 36.234175], [-86.888198, 36.234216], [-86.888163, 36.234268], [-86.887969, 36.234291]]}}, {"type": "Feature", "properties": {"highway": "service", "osm_id": 616879637, "zone": "NORTH", "len_km": 0.224}, "geometry": {"type": "LineString", "coordinates": [[-86.926462, 36.2188], [-86.926623, 36.218958], [-86.926687, 36.219145], [-86.926718, 36.219353], [-86.926856, 36.219495], [-86.927215, 36.219691], [-86.927458, 36.219786], [-86.927852, 36.219898], [-86.928241, 36.219999]]}}, {"type": "Feature", "properties": {"highway": "service", "osm_id": 619103766, "zone": "NORTH", "len_km": 0.115}, "geometry": {"type": "LineString", "coordinates": [[-86.924137, 36.211408], [-86.924149, 36.211558], [-86.924185, 36.211998], [-86.924297, 36.212204], [-86.924301, 36.212427]]}}, {"type": "Feature", "properties": {"highway": "service", "osm_id": 669935114, "zone": "NORTH", "len_km": 0.046}, "geometry": {"type": "LineString", "coordinates": [[-86.915471, 36.208372], [-86.915491, 36.208007], [-86.915462, 36.207964]]}}, {"type": "Feature", "properties": {"highway": "service", "osm_id": 673849252, "zone": "NORTH", "len_km": 0.299}, "geometry": {"type": "LineString", "coordinates": [[-86.908107, 36.209884], [-86.908095, 36.20983], [-86.908128, 36.209799], [-86.908312, 36.209738], [-86.908546, 36.209657], [-86.908691, 36.209591], [-86.908721, 36.209551], [-86.908729, 36.209525], [-86.908722, 36.209495], [-86.908698, 36.209473], [-86.908653, 36.209466], [-86.908525, 36.209471], [-86.908387, 36.20947], [-86.908162, 36.209468], [-86.908034, 36.209449], [-86.907989, 36.20943], [-86.907969, 36.2094], [-86.907976, 36.209366], [-86.908012, 36.209341], [-86.908179, 36.20927], [-86.908391, 36.209195], [-86.908463, 36.20915], [-86.908484, 36.209105], [-86.908479, 36.209074], [-86.908451, 36.209044], [-86.908398, 36.209024], [-86.908309, 36.20903], [-86.908141, 36.209045], [-86.908059, 36.209045], [-86.907992, 36.209031], [-86.907935, 36.209013], [-86.907882, 36.208981], [-86.907801, 36.208895], [-86.907688, 36.208764]]}}, {"type": "Feature", "properties": {"highway": "service", "osm_id": 697797535, "zone": "NORTH", "len_km": 0.315}, "geometry": {"type": "LineString", "coordinates": [[-86.912513, 36.236612], [-86.912585, 36.236542], [-86.912633, 36.236494], [-86.912764, 36.236279], [-86.913356, 36.235516], [-86.913849, 36.234795], [-86.914066, 36.23463], [-86.914556, 36.234353]]}}, {"type": "Feature", "properties": {"highway": "service", "osm_id": 703820803, "zone": "NORTH", "len_km": 0.239}, "geometry": {"type": "LineString", "coordinates": [[-86.929626, 36.209794], [-86.929863, 36.21024], [-86.930082, 36.2108], [-86.93032, 36.211418], [-86.930491, 36.211828]]}}, {"type": "Feature", "properties": {"highway": "service", "osm_id": 707210538, "zone": "NORTH", "len_km": 0.109}, "geometry": {"type": "LineString", "coordinates": [[-86.927082, 36.210706], [-86.927153, 36.210861], [-86.927155, 36.210967], [-86.927119, 36.211055], [-86.927036, 36.211143], [-86.926829, 36.211281], [-86.926782, 36.211348], [-86.926841, 36.211554]]}}, {"type": "Feature", "properties": {"highway": "service", "osm_id": 707821754, "zone": "PEN-S", "len_km": 0.229}, "geometry": {"type": "LineString", "coordinates": [[-86.918821, 36.150358], [-86.918679, 36.150354], [-86.91841, 36.150335], [-86.918205, 36.150309], [-86.91687, 36.150147], [-86.91672, 36.15011], [-86.916648, 36.15008], [-86.91656, 36.15005], [-86.916449, 36.150028], [-86.916358, 36.15003], [-86.916309, 36.15003]]}}, {"type": "Feature", "properties": {"highway": "service", "osm_id": 708485047, "zone": "PEN-C", "len_km": 0.264}, "geometry": {"type": "LineString", "coordinates": [[-86.920514, 36.155085], [-86.920275, 36.155151], [-86.920143, 36.155166], [-86.91998, 36.15521], [-86.919758, 36.155312], [-86.919585, 36.155393], [-86.919422, 36.155397], [-86.919304, 36.155356], [-86.919136, 36.155243], [-86.918941, 36.155202], [-86.918659, 36.155232], [-86.918514, 36.155301], [-86.918482, 36.155433], [-86.918459, 36.155529], [-86.918413, 36.155589], [-86.918257, 36.155614], [-86.918024, 36.155611]]}}, {"type": "Feature", "properties": {"highway": "service", "osm_id": 711027140, "zone": "NORTH", "len_km": 0.462}, "geometry": {"type": "LineString", "coordinates": [[-86.957828, 36.232906], [-86.957901, 36.232983], [-86.958249, 36.233157], [-86.958283, 36.233192], [-86.958305, 36.233257], [-86.958284, 36.233341], [-86.958241, 36.233427], [-86.958152, 36.233588], [-86.958067, 36.233833], [-86.957994, 36.233939], [-86.9579, 36.234067], [-86.957843, 36.234198], [-86.957837, 36.234327], [-86.957858, 36.234456], [-86.957893, 36.234542], [-86.957985, 36.234631], [-86.958126, 36.234738], [-86.958201, 36.234801], [-86.958266, 36.234873], [-86.958407, 36.235084], [-86.958515, 36.235271], [-86.958573, 36.235332], [-86.958687, 36.235412], [-86.958941, 36.235541], [-86.959246, 36.235643], [-86.959439, 36.235708], [-86.959492, 36.235686], [-86.959566, 36.235637], [-86.959628, 36.235583], [-86.959678, 36.235515], [-86.959705, 36.235463], [-86.959748, 36.23542], [-86.959856, 36.235372]]}}, {"type": "Feature", "properties": {"highway": "service", "osm_id": 711250015, "zone": "NORTH", "len_km": 0.168}, "geometry": {"type": "LineString", "coordinates": [[-86.925084, 36.219792], [-86.925044, 36.219746], [-86.925016, 36.219538], [-86.925053, 36.219323], [-86.925137, 36.21917], [-86.925286, 36.218968], [-86.925303, 36.218805], [-86.925258, 36.218459], [-86.925251, 36.218343]]}}, {"type": "Feature", "properties": {"highway": "service", "osm_id": 711250016, "zone": "NORTH", "len_km": 0.133}, "geometry": {"type": "LineString", "coordinates": [[-86.926166, 36.219008], [-86.926117, 36.218961], [-86.926062, 36.218896], [-86.926029, 36.218815], [-86.926031, 36.218683], [-86.926024, 36.218385], [-86.925995, 36.21824], [-86.925944, 36.218162], [-86.925809, 36.218107], [-86.925584, 36.218064]]}}, {"type": "Feature", "properties": {"highway": "service", "osm_id": 711250017, "zone": "NORTH", "len_km": 0.189}, "geometry": {"type": "LineString", "coordinates": [[-86.927946, 36.217615], [-86.927825, 36.217481], [-86.927767, 36.217433], [-86.927231, 36.217492], [-86.927184, 36.217481], [-86.927148, 36.217459], [-86.927141, 36.21741], [-86.927368, 36.217044], [-86.927435, 36.216967], [-86.927469, 36.216893], [-86.927471, 36.216835], [-86.927433, 36.216734], [-86.927403, 36.216721], [-86.927257, 36.216784]]}}, {"type": "Feature", "properties": {"highway": "service", "osm_id": 711250018, "zone": "NORTH", "len_km": 0.089}, "geometry": {"type": "LineString", "coordinates": [[-86.92862, 36.217298], [-86.928581, 36.217189], [-86.928552, 36.217085], [-86.928544, 36.216957], [-86.928519, 36.216904], [-86.928449, 36.216872], [-86.928279, 36.216857], [-86.928045, 36.216878]]}}, {"type": "Feature", "properties": {"highway": "service", "osm_id": 711271079, "zone": "NORTH", "len_km": 0.221}, "geometry": {"type": "LineString", "coordinates": [[-86.920439, 36.212627], [-86.920634, 36.2127], [-86.920721, 36.212734], [-86.92107, 36.212846], [-86.921166, 36.212894], [-86.921469, 36.21311], [-86.921636, 36.213209], [-86.921847, 36.213318], [-86.921961, 36.213431], [-86.922164, 36.213724], [-86.92221, 36.213884]]}}, {"type": "Feature", "properties": {"highway": "service", "osm_id": 711271080, "zone": "NORTH", "len_km": 0.088}, "geometry": {"type": "LineString", "coordinates": [[-86.92221, 36.213884], [-86.922058, 36.214014], [-86.921897, 36.214231], [-86.921852, 36.214341], [-86.921787, 36.214482], [-86.921713, 36.214561]]}}, {"type": "Feature", "properties": {"highway": "service", "osm_id": 711271627, "zone": "NORTH", "len_km": 0.091}, "geometry": {"type": "LineString", "coordinates": [[-86.957175, 36.233106], [-86.957118, 36.232866], [-86.957055, 36.232564], [-86.957102, 36.232461], [-86.957172, 36.232312]]}}, {"type": "Feature", "properties": {"highway": "service", "osm_id": 711302620, "zone": "NORTH", "len_km": 0.142}, "geometry": {"type": "LineString", "coordinates": [[-86.956516, 36.234612], [-86.956437, 36.234606], [-86.956403, 36.234599], [-86.956372, 36.234588], [-86.956353, 36.234572], [-86.95634, 36.234559], [-86.956315, 36.234518], [-86.95628, 36.2344], [-86.956193, 36.234131], [-86.956056, 36.233715], [-86.956014, 36.233601], [-86.95597, 36.23348]]}}, {"type": "Feature", "properties": {"highway": "service", "osm_id": 711302621, "zone": "NORTH", "len_km": 0.195}, "geometry": {"type": "LineString", "coordinates": [[-86.953707, 36.233772], [-86.953683, 36.233743], [-86.953655, 36.23373], [-86.95363, 36.233724], [-86.953598, 36.233723], [-86.953569, 36.233727], [-86.953535, 36.233737], [-86.953502, 36.233755], [-86.953457, 36.233784], [-86.953318, 36.23388], [-86.953054, 36.234027], [-86.952785, 36.234162], [-86.952639, 36.234225], [-86.952272, 36.234381], [-86.952128, 36.234434], [-86.952095, 36.234443], [-86.95207, 36.234448], [-86.952043, 36.23445], [-86.952016, 36.234449], [-86.951986, 36.234443], [-86.951955, 36.234434], [-86.95193, 36.234421], [-86.951906, 36.234404], [-86.951887, 36.234385], [-86.951861, 36.234354]]}}, {"type": "Feature", "properties": {"highway": "service", "osm_id": 711324659, "zone": "NORTH", "len_km": 0.256}, "geometry": {"type": "LineString", "coordinates": [[-86.906132, 36.210321], [-86.90627, 36.210573], [-86.906375, 36.210698], [-86.906486, 36.210931], [-86.906485, 36.211076], [-86.906399, 36.211189], [-86.906265, 36.211265], [-86.906141, 36.211283], [-86.905976, 36.211232], [-86.905866, 36.211174], [-86.905731, 36.21099], [-86.905668, 36.210921], [-86.905543, 36.2109], [-86.905475, 36.210906], [-86.905303, 36.210995], [-86.905174, 36.211096], [-86.90509, 36.211169]]}}, {"type": "Feature", "properties": {"highway": "service", "osm_id": 711325119, "zone": "PEN-N", "len_km": 0.085}, "geometry": {"type": "LineString", "coordinates": [[-86.925286, 36.179397], [-86.925451, 36.179576], [-86.925628, 36.179773], [-86.925731, 36.179887], [-86.925881, 36.179986]]}}, {"type": "Feature", "properties": {"highway": "service", "osm_id": 711325757, "zone": "NORTH", "len_km": 0.056}, "geometry": {"type": "LineString", "coordinates": [[-86.934085, 36.214595], [-86.934167, 36.214772], [-86.934214, 36.214932], [-86.934239, 36.215083]]}}, {"type": "Feature", "properties": {"highway": "service", "osm_id": 711333566, "zone": "PEN-N", "len_km": 0.071}, "geometry": {"type": "LineString", "coordinates": [[-86.941378, 36.205585], [-86.941465, 36.205787], [-86.941501, 36.206144], [-86.941551, 36.206199]]}}, {"type": "Feature", "properties": {"highway": "service", "osm_id": 711338064, "zone": "NORTH", "len_km": 0.064}, "geometry": {"type": "LineString", "coordinates": [[-86.93629, 36.206902], [-86.936114, 36.206346]]}}, {"type": "Feature", "properties": {"highway": "service", "osm_id": 711344715, "zone": "NORTH", "len_km": 0.052}, "geometry": {"type": "LineString", "coordinates": [[-86.908141, 36.232916], [-86.908676, 36.233095]]}}, {"type": "Feature", "properties": {"highway": "service", "osm_id": 711344716, "zone": "NORTH", "len_km": 0.116}, "geometry": {"type": "LineString", "coordinates": [[-86.90957, 36.234093], [-86.909458, 36.234109], [-86.909304, 36.234086], [-86.909028, 36.234001], [-86.908746, 36.233887], [-86.90838, 36.233741]]}}, {"type": "Feature", "properties": {"highway": "service", "osm_id": 711357021, "zone": "NORTH", "len_km": 0.07}, "geometry": {"type": "LineString", "coordinates": [[-86.936608, 36.2135], [-86.936536, 36.21395], [-86.936557, 36.214026], [-86.936653, 36.214092]]}}, {"type": "Feature", "properties": {"highway": "service", "osm_id": 711361662, "zone": "NORTH", "len_km": 0.151}, "geometry": {"type": "LineString", "coordinates": [[-86.925714, 36.219341], [-86.925795, 36.219368], [-86.925832, 36.219398], [-86.925852, 36.219456], [-86.925827, 36.219563], [-86.925765, 36.219782], [-86.925685, 36.220078], [-86.925617, 36.220244], [-86.92557, 36.220405], [-86.925562, 36.220488], [-86.925617, 36.220529], [-86.925697, 36.220549]]}}, {"type": "Feature", "properties": {"highway": "service", "osm_id": 711361663, "zone": "NORTH", "len_km": 0.286}, "geometry": {"type": "LineString", "coordinates": [[-86.924396, 36.220195], [-86.924487, 36.220402], [-86.924564, 36.220766], [-86.924596, 36.221193], [-86.924617, 36.221571], [-86.924576, 36.22184], [-86.924521, 36.22198], [-86.9244, 36.22201], [-86.924371, 36.222017], [-86.924314, 36.222016], [-86.924157, 36.221985], [-86.924007, 36.221901], [-86.923897, 36.221798], [-86.923858, 36.22168], [-86.923852, 36.221629]]}}, {"type": "Feature", "properties": {"highway": "service", "osm_id": 711365601, "zone": "PEN-S", "len_km": 0.059}, "geometry": {"type": "LineString", "coordinates": [[-86.915632, 36.14773], [-86.91546, 36.148244]]}}, {"type": "Feature", "properties": {"highway": "service", "osm_id": 711372229, "zone": "NORTH", "len_km": 0.134}, "geometry": {"type": "LineString", "coordinates": [[-86.931208, 36.215713], [-86.931703, 36.216294], [-86.931741, 36.216407], [-86.931746, 36.216545], [-86.931666, 36.21678]]}}, {"type": "Feature", "properties": {"highway": "service", "osm_id": 711588397, "zone": "PEN-C", "len_km": 0.05}, "geometry": {"type": "LineString", "coordinates": [[-86.931662, 36.167144], [-86.93111, 36.16722]]}}, {"type": "Feature", "properties": {"highway": "service", "osm_id": 711602996, "zone": "PEN-N", "len_km": 0.065}, "geometry": {"type": "LineString", "coordinates": [[-86.925292, 36.196767], [-86.925181, 36.196788], [-86.925053, 36.196811], [-86.924915, 36.196833], [-86.92476, 36.196824], [-86.924656, 36.196705]]}}, {"type": "Feature", "properties": {"highway": "service", "osm_id": 711617576, "zone": "NORTH", "len_km": 0.315}, "geometry": {"type": "LineString", "coordinates": [[-86.920107, 36.216078], [-86.919998, 36.216121], [-86.919883, 36.216072], [-86.919692, 36.215875], [-86.919615, 36.215719], [-86.919604, 36.215568], [-86.919758, 36.215154], [-86.91973, 36.215083], [-86.919639, 36.215077], [-86.919517, 36.215143], [-86.91903, 36.215593], [-86.918797, 36.215988], [-86.918716, 36.216032], [-86.918578, 36.216027], [-86.918406, 36.215994]]}}, {"type": "Feature", "properties": {"highway": "service", "osm_id": 711617577, "zone": "NORTH", "len_km": 0.113}, "geometry": {"type": "LineString", "coordinates": [[-86.918797, 36.215988], [-86.918857, 36.21608], [-86.918857, 36.216141], [-86.918804, 36.216209], [-86.918707, 36.21627], [-86.918665, 36.216327], [-86.918633, 36.216506], [-86.918604, 36.216538], [-86.918167, 36.216392]]}}, {"type": "Feature", "properties": {"highway": "service", "osm_id": 711660329, "zone": "NORTH", "len_km": 0.067}, "geometry": {"type": "LineString", "coordinates": [[-86.911897, 36.210546], [-86.911969, 36.210378], [-86.91201, 36.210152], [-86.912023, 36.209951]]}}, {"type": "Feature", "properties": {"highway": "service", "osm_id": 711660330, "zone": "NORTH", "len_km": 0.427}, "geometry": {"type": "LineString", "coordinates": [[-86.912244, 36.208787], [-86.912104, 36.208604], [-86.91199, 36.208477], [-86.911901, 36.208303], [-86.911862, 36.20825], [-86.91158, 36.208136], [-86.911382, 36.208026], [-86.911316, 36.207913], [-86.911207, 36.207502], [-86.911219, 36.207366], [-86.911362, 36.207036], [-86.911439, 36.206871], [-86.911529, 36.206317], [-86.911571, 36.206121], [-86.91164, 36.206065], [-86.911774, 36.206089], [-86.912073, 36.206203], [-86.912265, 36.206323], [-86.912375, 36.206458]]}}, {"type": "Feature", "properties": {"highway": "service", "osm_id": 711668043, "zone": "NORTH", "len_km": 0.244}, "geometry": {"type": "LineString", "coordinates": [[-86.951515, 36.235884], [-86.951751, 36.235959], [-86.952154, 36.236071], [-86.95262, 36.236179], [-86.9529, 36.236237], [-86.953013, 36.23627], [-86.953109, 36.236358], [-86.953175, 36.236544], [-86.953159, 36.236746], [-86.953124, 36.236895], [-86.953187, 36.237156]]}}, {"type": "Feature", "properties": {"highway": "service", "osm_id": 711668044, "zone": "NORTH", "len_km": 0.088}, "geometry": {"type": "LineString", "coordinates": [[-86.951287, 36.236075], [-86.951423, 36.236285], [-86.951585, 36.236578], [-86.951719, 36.236788]]}}, {"type": "Feature", "properties": {"highway": "service", "surface": "unpaved", "osm_id": 711677061, "zone": "NORTH", "len_km": 0.06}, "geometry": {"type": "LineString", "coordinates": [[-86.909887, 36.210262], [-86.909895, 36.210434], [-86.909901, 36.210461], [-86.909975, 36.2108]]}}, {"type": "Feature", "properties": {"highway": "service", "osm_id": 711688779, "zone": "NORTH", "len_km": 0.053}, "geometry": {"type": "LineString", "coordinates": [[-86.922443, 36.208733], [-86.922021, 36.208393]]}}, {"type": "Feature", "properties": {"highway": "service", "osm_id": 711688780, "zone": "NORTH", "len_km": 0.068}, "geometry": {"type": "LineString", "coordinates": [[-86.924214, 36.20952], [-86.924239, 36.209462], [-86.924208, 36.208914]]}}, {"type": "Feature", "properties": {"highway": "service", "osm_id": 711688781, "zone": "NORTH", "len_km": 0.103}, "geometry": {"type": "LineString", "coordinates": [[-86.925133, 36.20974], [-86.925152, 36.209683], [-86.925164, 36.209609], [-86.924971, 36.20883]]}}, {"type": "Feature", "properties": {"highway": "service", "osm_id": 711688782, "zone": "NORTH", "len_km": 0.067}, "geometry": {"type": "LineString", "coordinates": [[-86.926109, 36.209659], [-86.926123, 36.209509], [-86.9261, 36.209326], [-86.925971, 36.209076]]}}, {"type": "Feature", "properties": {"highway": "service", "osm_id": 711688783, "zone": "NORTH", "len_km": 0.113}, "geometry": {"type": "LineString", "coordinates": [[-86.924414, 36.209568], [-86.924324, 36.209753], [-86.924121, 36.209773], [-86.923906, 36.209747], [-86.923715, 36.209683], [-86.923628, 36.209496], [-86.923633, 36.209456], [-86.923642, 36.209384]]}}, {"type": "Feature", "properties": {"highway": "service", "osm_id": 711688784, "zone": "NORTH", "len_km": 0.13}, "geometry": {"type": "LineString", "coordinates": [[-86.924324, 36.209753], [-86.924281, 36.210143], [-86.924265, 36.21029], [-86.924567, 36.210303], [-86.924583, 36.210161], [-86.924281, 36.210143]]}}, {"type": "Feature", "properties": {"highway": "service", "osm_id": 711688785, "zone": "NORTH", "len_km": 0.084}, "geometry": {"type": "LineString", "coordinates": [[-86.925024, 36.21131], [-86.925082, 36.211793], [-86.925051, 36.211846], [-86.92507, 36.212056]]}}, {"type": "Feature", "properties": {"highway": "service", "osm_id": 711696393, "zone": "PEN-N", "len_km": 0.094}, "geometry": {"type": "LineString", "coordinates": [[-86.927524, 36.193022], [-86.927366, 36.192903], [-86.927141, 36.192811], [-86.926585, 36.192675]]}}, {"type": "Feature", "properties": {"highway": "service", "surface": "unpaved", "osm_id": 711698597, "zone": "NORTH", "len_km": 0.088}, "geometry": {"type": "LineString", "coordinates": [[-86.903201, 36.239799], [-86.903096, 36.239443], [-86.903077, 36.239216], [-86.903159, 36.239031]]}}, {"type": "Feature", "properties": {"highway": "service", "surface": "unpaved", "osm_id": 711698598, "zone": "NORTH", "len_km": 0.067}, "geometry": {"type": "LineString", "coordinates": [[-86.901734, 36.238972], [-86.902377, 36.238666]]}}, {"type": "Feature", "properties": {"highway": "service", "osm_id": 711701283, "zone": "NORTH", "len_km": 0.113}, "geometry": {"type": "LineString", "coordinates": [[-86.916609, 36.209136], [-86.916265, 36.209072], [-86.916157, 36.209039], [-86.916111, 36.208997], [-86.916078, 36.208945], [-86.916046, 36.208837], [-86.916044, 36.208678], [-86.916061, 36.208609], [-86.916089, 36.208427]]}}, {"type": "Feature", "properties": {"highway": "service", "osm_id": 711702054, "zone": "NORTH", "len_km": 1.112}, "geometry": {"type": "LineString", "coordinates": [[-86.915509, 36.222042], [-86.915324, 36.222046], [-86.915132, 36.222046], [-86.915006, 36.222108], [-86.914984, 36.222141], [-86.91496, 36.222179], [-86.914956, 36.222259], [-86.914941, 36.222371], [-86.914837, 36.222667], [-86.914788, 36.222898], [-86.91474, 36.223056], [-86.914686, 36.223137], [-86.914489, 36.223288], [-86.914395, 36.223381], [-86.914258, 36.223519], [-86.91417, 36.223669], [-86.914171, 36.223691], [-86.914172, 36.223728], [-86.914201, 36.223841], [-86.914228, 36.223974], [-86.914228, 36.224063], [-86.914088, 36.224373], [-86.914047, 36.224418], [-86.914, 36.224426], [-86.913928, 36.224421], [-86.913661, 36.224343], [-86.913555, 36.224302], [-86.913487, 36.224279], [-86.913421, 36.224254], [-86.913271, 36.224242], [-86.912916, 36.224252], [-86.912746, 36.224239], [-86.912683, 36.224229], [-86.912581, 36.224214], [-86.912423, 36.224219], [-86.912095, 36.224237], [-86.911757, 36.224262], [-86.911595, 36.224258], [-86.911372, 36.22427], [-86.91121, 36.22428], [-86.91079, 36.224316], [-86.910454, 36.22436], [-86.910186, 36.224379], [-86.909865, 36.224379], [-86.909481, 36.224426], [-86.909347, 36.224473], [-86.909273, 36.224499], [-86.909024, 36.224577], [-86.908845, 36.22464], [-86.908688, 36.224646], [-86.908502, 36.224594], [-86.908231, 36.224577], [-86.908059, 36.224634], [-86.907873, 36.224732], [-86.907616, 36.224819], [-86.907251, 36.224865], [-86.906638, 36.224971], [-86.906227, 36.225082], [-86.905997, 36.225128], [-86.90584, 36.225159], [-86.90571, 36.22515], [-86.905572, 36.225091]]}}, {"type": "Feature", "properties": {"highway": "service", "osm_id": 711702055, "zone": "NORTH", "len_km": 0.153}, "geometry": {"type": "LineString", "coordinates": [[-86.909347, 36.224473], [-86.909355, 36.224884], [-86.909307, 36.225002], [-86.909227, 36.225101], [-86.909006, 36.225211], [-86.908416, 36.225417]]}}, {"type": "Feature", "properties": {"highway": "service", "osm_id": 711702057, "zone": "NORTH", "len_km": 0.268}, "geometry": {"type": "LineString", "coordinates": [[-86.914984, 36.222141], [-86.914885, 36.222169], [-86.914846, 36.222166], [-86.914801, 36.222152], [-86.914751, 36.222128], [-86.91464, 36.222068], [-86.914573, 36.222041], [-86.914288, 36.221939], [-86.913828, 36.221807], [-86.913415, 36.221656], [-86.913046, 36.221559], [-86.912652, 36.221533], [-86.912154, 36.221508]]}}, {"type": "Feature", "properties": {"highway": "service", "osm_id": 711713034, "zone": "NORTH", "len_km": 0.138}, "geometry": {"type": "LineString", "coordinates": [[-86.946002, 36.23214], [-86.945965, 36.232288], [-86.945809, 36.232454], [-86.945734, 36.232507], [-86.945453, 36.232671], [-86.945301, 36.232798], [-86.945167, 36.232885], [-86.945105, 36.232968], [-86.94509, 36.233077]]}}, {"type": "Feature", "properties": {"highway": "service", "osm_id": 711940090, "zone": "NORTH", "len_km": 0.061}, "geometry": {"type": "LineString", "coordinates": [[-86.915645, 36.220364], [-86.915494, 36.220357], [-86.9154, 36.220335], [-86.915319, 36.220298], [-86.915244, 36.220235], [-86.915111, 36.220082]]}}, {"type": "Feature", "properties": {"highway": "service", "osm_id": 711942751, "zone": "PEN-N", "len_km": 0.078}, "geometry": {"type": "LineString", "coordinates": [[-86.931302, 36.179785], [-86.931144, 36.179645], [-86.930988, 36.179526], [-86.930866, 36.179474], [-86.9307, 36.17949], [-86.930591, 36.17953]]}}, {"type": "Feature", "properties": {"highway": "service", "osm_id": 711947979, "zone": "NORTH", "len_km": 0.093}, "geometry": {"type": "LineString", "coordinates": [[-86.918675, 36.238762], [-86.918551, 36.238879], [-86.918517, 36.238968], [-86.918366, 36.239545]]}}, {"type": "Feature", "properties": {"highway": "service", "osm_id": 711957071, "zone": "PEN-C", "len_km": 0.135}, "geometry": {"type": "LineString", "coordinates": [[-86.93077, 36.174403], [-86.930697, 36.174413], [-86.930611, 36.174437], [-86.930521, 36.174482], [-86.93039, 36.174548], [-86.930309, 36.174621], [-86.930276, 36.174653], [-86.930257, 36.174678], [-86.930244, 36.174711], [-86.930243, 36.174736], [-86.930249, 36.174771], [-86.930273, 36.174831], [-86.930301, 36.174869], [-86.930326, 36.174882], [-86.930357, 36.174884], [-86.930512, 36.174831], [-86.930732, 36.174721], [-86.930858, 36.174682]]}}, {"type": "Feature", "properties": {"highway": "service", "osm_id": 711957072, "zone": "PEN-N", "len_km": 0.078}, "geometry": {"type": "LineString", "coordinates": [[-86.930964, 36.175019], [-86.930847, 36.175064], [-86.930675, 36.175155], [-86.930559, 36.175211], [-86.930425, 36.17525], [-86.930349, 36.175236], [-86.930297, 36.175177], [-86.930265, 36.175113]]}}, {"type": "Feature", "properties": {"highway": "service", "osm_id": 711999305, "zone": "NORTH", "len_km": 0.066}, "geometry": {"type": "LineString", "coordinates": [[-86.913842, 36.225538], [-86.913485, 36.225435], [-86.913357, 36.225395], [-86.913284, 36.225356], [-86.913183, 36.225293]]}}, {"type": "Feature", "properties": {"highway": "service", "osm_id": 712000139, "zone": "PEN-S", "len_km": 2.146}, "geometry": {"type": "LineString", "coordinates": [[-86.915074, 36.147677], [-86.915101, 36.147551], [-86.915113, 36.147492], [-86.915112, 36.147405], [-86.915074, 36.147335], [-86.914988, 36.147253], [-86.914855, 36.147134], [-86.914802, 36.147068], [-86.914765, 36.147002], [-86.91474, 36.146771], [-86.914734, 36.146672], [-86.914415, 36.146431], [-86.914335, 36.146371], [-86.914285, 36.146328], [-86.914254, 36.146274], [-86.914245, 36.146219], [-86.914239, 36.145767], [-86.914231, 36.145133], [-86.914223, 36.144593], [-86.914231, 36.14455], [-86.914247, 36.144507], [-86.914351, 36.144341], [-86.914337, 36.143966], [-86.914335, 36.143784], [-86.914321, 36.143755], [-86.914296, 36.143721], [-86.914117, 36.143561], [-86.91407, 36.143508], [-86.914045, 36.143444], [-86.91404, 36.143415], [-86.914029, 36.142896], [-86.914031, 36.142677], [-86.914031, 36.142657], [-86.91403, 36.142554], [-86.914017, 36.14244], [-86.913998, 36.142391], [-86.913969, 36.142346], [-86.913914, 36.142313], [-86.91385, 36.142294], [-86.913766, 36.142281], [-86.913499, 36.142268], [-86.913223, 36.142249], [-86.91299, 36.142224], [-86.91257, 36.142191], [-86.912451, 36.142182], [-86.91236, 36.142182], [-86.91225, 36.14219], [-86.911939, 36.142235], [-86.911699, 36.142266], [-86.910694, 36.142406], [-86.910212, 36.142452], [-86.909988, 36.142503], [-86.909816, 36.142542], [-86.909578, 36.142608], [-86.909192, 36.142716], [-86.907627, 36.143158], [-86.907541, 36.143093], [-86.907479, 36.142884], [-86.907408, 36.142631], [-86.9073, 36.14235], [-86.906616, 36.141118], [-86.906527, 36.141033], [-86.906435, 36.140998], [-86.90629, 36.141013], [-86.904922, 36.142096], [-86.904706, 36.142295], [-86.904527, 36.142359], [-86.904367, 36.142362], [-86.904084, 36.142228], [-86.903856, 36.142111], [-86.903702, 36.142016], [-86.903585, 36.141897], [-86.90335, 36.141536], [-86.903261, 36.141466], [-86.902762, 36.141245], [-86.902605, 36.141245], [-86.902143, 36.141387], [-86.901662, 36.141471], [-86.901277, 36.141543], [-86.900969, 36.141643], [-86.900824, 36.14166], [-86.900655, 36.141598], [-86.900482, 36.141456]]}}, {"type": "Feature", "properties": {"highway": "service", "osm_id": 712000140, "zone": "PEN-S", "len_km": 0.574}, "geometry": {"type": "LineString", "coordinates": [[-86.914734, 36.146672], [-86.915391, 36.146153], [-86.915426, 36.146111], [-86.915444, 36.146062], [-86.915454, 36.146003], [-86.91546, 36.14564], [-86.915457, 36.145606], [-86.915362, 36.145287], [-86.915339, 36.145202], [-86.915321, 36.145058], [-86.915311, 36.144903], [-86.915304, 36.144326], [-86.915249, 36.144085], [-86.91522, 36.143928], [-86.915152, 36.143273], [-86.915182, 36.143205], [-86.915212, 36.143112], [-86.915186, 36.143022], [-86.915208, 36.142846], [-86.915201, 36.142759], [-86.915162, 36.142699], [-86.91509, 36.142668], [-86.914975, 36.142654], [-86.914928, 36.142655], [-86.914031, 36.142677]]}}, {"type": "Feature", "properties": {"highway": "service", "osm_id": 712000141, "zone": "PEN-S", "len_km": 0.05}, "geometry": {"type": "LineString", "coordinates": [[-86.914928, 36.142655], [-86.914916, 36.142557], [-86.914876, 36.142206]]}}, {"type": "Feature", "properties": {"highway": "service", "osm_id": 712000142, "zone": "PEN-S", "len_km": 0.085}, "geometry": {"type": "LineString", "coordinates": [[-86.915304, 36.144326], [-86.914799, 36.14434], [-86.914351, 36.144341]]}}, {"type": "Feature", "properties": {"highway": "service", "osm_id": 712002001, "zone": "NORTH", "len_km": 0.291}, "geometry": {"type": "LineString", "coordinates": [[-86.948878, 36.23739], [-86.949176, 36.23792], [-86.94976, 36.238765], [-86.950029, 36.239105], [-86.950472, 36.239673]]}}, {"type": "Feature", "properties": {"highway": "service", "osm_id": 712002145, "zone": "NORTH", "len_km": 0.18}, "geometry": {"type": "LineString", "coordinates": [[-86.924864, 36.207303], [-86.924811, 36.207212], [-86.924765, 36.207175], [-86.924713, 36.207149], [-86.924642, 36.207122], [-86.924526, 36.207073], [-86.924444, 36.207014], [-86.92427, 36.20685], [-86.924182, 36.206764], [-86.924068, 36.206597], [-86.923805, 36.206186], [-86.923693, 36.206029]]}}, {"type": "Feature", "properties": {"highway": "service", "osm_id": 712023215, "zone": "NORTH", "len_km": 0.183}, "geometry": {"type": "LineString", "coordinates": [[-86.899352, 36.231497], [-86.899258, 36.231472], [-86.898841, 36.231062], [-86.898716, 36.23093], [-86.898647, 36.230838], [-86.898575, 36.230688], [-86.898518, 36.2306], [-86.898283, 36.230358], [-86.898147, 36.23019]]}}, {"type": "Feature", "properties": {"highway": "service", "osm_id": 712189037, "zone": "NORTH", "len_km": 0.043}, "geometry": {"type": "LineString", "coordinates": [[-86.910694, 36.229989], [-86.91061, 36.229947], [-86.910284, 36.229783]]}}, {"type": "Feature", "properties": {"highway": "service", "osm_id": 712189038, "zone": "NORTH", "len_km": 0.009}, "geometry": {"type": "LineString", "coordinates": [[-86.909719, 36.23141], [-86.909633, 36.231376]]}}, {"type": "Feature", "properties": {"highway": "service", "bridge": "yes", "osm_id": 712189039, "zone": "NORTH", "len_km": 0.01}, "geometry": {"type": "LineString", "coordinates": [[-86.909633, 36.231376], [-86.909536, 36.231329]]}}, {"type": "Feature", "properties": {"highway": "service", "osm_id": 712189040, "zone": "NORTH", "len_km": 0.048}, "geometry": {"type": "LineString", "coordinates": [[-86.909536, 36.231329], [-86.909311, 36.231223], [-86.909083, 36.231107]]}}, {"type": "Feature", "properties": {"highway": "service", "osm_id": 712213818, "zone": "NORTH", "len_km": 0.059}, "geometry": {"type": "LineString", "coordinates": [[-86.907219, 36.236459], [-86.907536, 36.236548], [-86.90784, 36.236641]]}}, {"type": "Feature", "properties": {"highway": "service", "osm_id": 715432230, "zone": "NORTH", "len_km": 0.173}, "geometry": {"type": "LineString", "coordinates": [[-86.931723, 36.209043], [-86.931809, 36.209213], [-86.931942, 36.209467], [-86.932107, 36.209773], [-86.93221, 36.209968], [-86.932253, 36.210096], [-86.932283, 36.210299], [-86.932313, 36.210378], [-86.932364, 36.210452], [-86.932422, 36.210472]]}}, {"type": "Feature", "properties": {"highway": "service", "osm_id": 715432231, "zone": "NORTH", "len_km": 0.166}, "geometry": {"type": "LineString", "coordinates": [[-86.930947, 36.209321], [-86.931038, 36.209493], [-86.931141, 36.209749], [-86.931291, 36.210148], [-86.93138, 36.210402], [-86.931449, 36.21061], [-86.931484, 36.210666], [-86.93156, 36.210718]]}}, {"type": "Feature", "properties": {"highway": "service", "osm_id": 715432232, "zone": "NORTH", "len_km": 0.105}, "geometry": {"type": "LineString", "coordinates": [[-86.930108, 36.209621], [-86.930195, 36.209772], [-86.930241, 36.209904], [-86.930277, 36.209989], [-86.930328, 36.210068], [-86.9304, 36.210133], [-86.930511, 36.210195], [-86.930646, 36.210243], [-86.930825, 36.210278]]}}, {"type": "Feature", "properties": {"highway": "service", "osm_id": 715432233, "zone": "NORTH", "len_km": 0.293}, "geometry": {"type": "LineString", "coordinates": [[-86.929552, 36.20982], [-86.929638, 36.209944], [-86.929703, 36.210104], [-86.929812, 36.210421], [-86.929864, 36.210607], [-86.929841, 36.210729], [-86.929814, 36.210859], [-86.929821, 36.210966], [-86.929884, 36.211154], [-86.92999, 36.211404], [-86.930132, 36.211706], [-86.930181, 36.21181], [-86.930184, 36.211866], [-86.930174, 36.211927], [-86.930122, 36.211978], [-86.929973, 36.212071], [-86.929886, 36.212135], [-86.929852, 36.212186], [-86.929834, 36.212246]]}}, {"type": "Feature", "properties": {"highway": "service", "osm_id": 715432234, "zone": "NORTH", "len_km": 0.098}, "geometry": {"type": "LineString", "coordinates": [[-86.928382, 36.21024], [-86.928521, 36.210626], [-86.928611, 36.210933], [-86.928653, 36.211045], [-86.928692, 36.211077]]}}, {"type": "Feature", "properties": {"highway": "service", "osm_id": 723337640, "zone": "NORTH", "len_km": 0.297}, "geometry": {"type": "LineString", "coordinates": [[-86.909595, 36.231589], [-86.909705, 36.231615], [-86.909798, 36.231631], [-86.909892, 36.231613], [-86.909995, 36.231564], [-86.910132, 36.231415], [-86.910219, 36.231321], [-86.91027, 36.231274], [-86.910314, 36.231251], [-86.910413, 36.231234], [-86.910525, 36.231227], [-86.910662, 36.231276], [-86.910758, 36.231347], [-86.910753, 36.231424], [-86.910732, 36.231488], [-86.910634, 36.23159], [-86.910576, 36.231673], [-86.910546, 36.231748], [-86.910548, 36.231839], [-86.91059, 36.231914], [-86.910639, 36.231935], [-86.910716, 36.231935], [-86.910812, 36.231901], [-86.910957, 36.23179], [-86.911022, 36.231692], [-86.911041, 36.231631], [-86.911034, 36.231569], [-86.910964, 36.231488], [-86.910879, 36.231419], [-86.910758, 36.231347]]}}, {"type": "Feature", "properties": {"highway": "service", "osm_id": 741874320, "zone": "PEN-N", "len_km": 0.083}, "geometry": {"type": "LineString", "coordinates": [[-86.917556, 36.18398], [-86.917568, 36.184107], [-86.917547, 36.184214], [-86.917472, 36.184327], [-86.917338, 36.184449], [-86.917279, 36.184524], [-86.917267, 36.184654]]}}, {"type": "Feature", "properties": {"highway": "service", "osm_id": 746899981, "zone": "NORTH", "len_km": 0.136}, "geometry": {"type": "LineString", "coordinates": [[-86.955902, 36.234658], [-86.955942, 36.234448], [-86.955922, 36.234389], [-86.955885, 36.234333], [-86.955804, 36.234281], [-86.955683, 36.234257], [-86.955444, 36.234263], [-86.955366, 36.234254], [-86.95529, 36.23422], [-86.95524, 36.234167], [-86.954989, 36.233928]]}}, {"type": "Feature", "properties": {"highway": "service", "osm_id": 747784876, "zone": "NORTH", "len_km": 0.121}, "geometry": {"type": "LineString", "coordinates": [[-86.908027, 36.237765], [-86.907835, 36.237691], [-86.907727, 36.237652], [-86.907583, 36.237614], [-86.907325, 36.237543], [-86.907228, 36.237503], [-86.906799, 36.237314]]}}, {"type": "Feature", "properties": {"highway": "service", "osm_id": 748502230, "zone": "NORTH", "len_km": 0.12}, "geometry": {"type": "LineString", "coordinates": [[-86.896835, 36.232606], [-86.896638, 36.232458], [-86.896402, 36.232337], [-86.896116, 36.232225], [-86.896018, 36.232194], [-86.895823, 36.232084], [-86.895731, 36.232006]]}}, {"type": "Feature", "properties": {"highway": "service", "osm_id": 748602128, "zone": "PEN-C", "len_km": 0.096}, "geometry": {"type": "LineString", "coordinates": [[-86.930648, 36.174014], [-86.930562, 36.174028], [-86.930345, 36.174135], [-86.930138, 36.174227], [-86.929992, 36.174303], [-86.929918, 36.174325], [-86.929865, 36.174332], [-86.929806, 36.174323], [-86.929682, 36.174293]]}}, {"type": "Feature", "properties": {"highway": "service", "osm_id": 748616552, "zone": "NORTH", "len_km": 0.049}, "geometry": {"type": "LineString", "coordinates": [[-86.9534, 36.234798], [-86.953485, 36.234865], [-86.953576, 36.234882], [-86.953722, 36.234877], [-86.953916, 36.234868]]}}, {"type": "Feature", "properties": {"highway": "service", "osm_id": 749799158, "zone": "NORTH", "len_km": 0.129}, "geometry": {"type": "LineString", "coordinates": [[-86.949997, 36.236882], [-86.950086, 36.236925], [-86.950283, 36.236912], [-86.950486, 36.236881], [-86.950655, 36.236896], [-86.950821, 36.236915], [-86.95089, 36.236915], [-86.950805, 36.236869], [-86.950679, 36.236819], [-86.950577, 36.23674], [-86.950538, 36.23663]]}}, {"type": "Feature", "properties": {"highway": "service", "osm_id": 749799159, "zone": "NORTH", "len_km": 0.094}, "geometry": {"type": "LineString", "coordinates": [[-86.946994, 36.238009], [-86.946956, 36.23794], [-86.946941, 36.237878], [-86.946947, 36.237827], [-86.947027, 36.237777], [-86.947185, 36.237725], [-86.947289, 36.237687], [-86.947362, 36.237617], [-86.94738, 36.237566], [-86.947384, 36.237505], [-86.947338, 36.23741], [-86.947313, 36.237372]]}}, {"type": "Feature", "properties": {"highway": "service", "bridge": "yes", "osm_id": 749799160, "zone": "NORTH", "len_km": 0.017}, "geometry": {"type": "LineString", "coordinates": [[-86.947313, 36.237372], [-86.947191, 36.237253]]}}, {"type": "Feature", "properties": {"highway": "service", "osm_id": 749799161, "zone": "NORTH", "len_km": 0.124}, "geometry": {"type": "LineString", "coordinates": [[-86.947191, 36.237253], [-86.947122, 36.237182], [-86.947063, 36.237117], [-86.946992, 36.237097], [-86.94688, 36.237113], [-86.946701, 36.237163], [-86.946498, 36.237225], [-86.946325, 36.237254], [-86.946195, 36.237249], [-86.946129, 36.237207], [-86.946099, 36.237132], [-86.946118, 36.237059]]}}, {"type": "Feature", "properties": {"highway": "service", "osm_id": 750651724, "zone": "NORTH", "len_km": 0.178}, "geometry": {"type": "LineString", "coordinates": [[-86.926239, 36.209618], [-86.926425, 36.210169], [-86.926468, 36.210204], [-86.926593, 36.210248], [-86.926645, 36.210253], [-86.92677, 36.210218], [-86.926864, 36.210201], [-86.926943, 36.2102], [-86.927089, 36.210205], [-86.927148, 36.210234], [-86.927235, 36.210358], [-86.927385, 36.210597]]}}, {"type": "Feature", "properties": {"highway": "service", "osm_id": 750651725, "zone": "NORTH", "len_km": 0.149}, "geometry": {"type": "LineString", "coordinates": [[-86.926645, 36.210253], [-86.92666, 36.210352], [-86.926657, 36.210404], [-86.926596, 36.210456], [-86.926428, 36.210506], [-86.926257, 36.21054], [-86.926077, 36.210575], [-86.926048, 36.210566], [-86.926034, 36.210543], [-86.925979, 36.210336], [-86.925992, 36.210315], [-86.926468, 36.210204]]}}, {"type": "Feature", "properties": {"highway": "service", "osm_id": 750651726, "zone": "NORTH", "len_km": 0.098}, "geometry": {"type": "LineString", "coordinates": [[-86.922943, 36.211458], [-86.922959, 36.211251], [-86.922964, 36.211146], [-86.922964, 36.211138], [-86.922958, 36.211081], [-86.922904, 36.211058], [-86.922468, 36.21099], [-86.922353, 36.210968]]}}, {"type": "Feature", "properties": {"highway": "service", "osm_id": 750651727, "zone": "NORTH", "len_km": 0.077}, "geometry": {"type": "LineString", "coordinates": [[-86.924578, 36.209607], [-86.924597, 36.209539], [-86.924604, 36.209503], [-86.924599, 36.209466], [-86.924483, 36.209119], [-86.924411, 36.208937]]}}, {"type": "Feature", "properties": {"highway": "service", "osm_id": 750672575, "zone": "PEN-N", "len_km": 0.202}, "geometry": {"type": "LineString", "coordinates": [[-86.923185, 36.182877], [-86.923005, 36.182671], [-86.922696, 36.182321], [-86.922389, 36.181957], [-86.922067, 36.181589], [-86.92189, 36.181388]]}}, {"type": "Feature", "properties": {"highway": "service", "osm_id": 750765918, "zone": "NORTH", "len_km": 0.077}, "geometry": {"type": "LineString", "coordinates": [[-86.953936, 36.231622], [-86.953915, 36.231523], [-86.953944, 36.231378], [-86.954043, 36.230943]]}}, {"type": "Feature", "properties": {"highway": "service", "osm_id": 752206413, "zone": "NORTH", "len_km": 0.019}, "geometry": {"type": "LineString", "coordinates": [[-86.914239, 36.224829], [-86.914046, 36.224763]]}}, {"type": "Feature", "properties": {"highway": "service", "osm_id": 752206414, "zone": "NORTH", "len_km": 0.035}, "geometry": {"type": "LineString", "coordinates": [[-86.913957, 36.224731], [-86.913879, 36.224689], [-86.913759, 36.224626], [-86.913617, 36.224573]]}}, {"type": "Feature", "properties": {"highway": "service", "bridge": "yes", "osm_id": 752206415, "zone": "NORTH", "len_km": 0.009}, "geometry": {"type": "LineString", "coordinates": [[-86.914046, 36.224763], [-86.913957, 36.224731]]}}, {"type": "Feature", "properties": {"highway": "service", "osm_id": 752655280, "zone": "NORTH", "len_km": 0.054}, "geometry": {"type": "LineString", "coordinates": [[-86.933405, 36.214842], [-86.933628, 36.215297]]}}, {"type": "Feature", "properties": {"highway": "service", "osm_id": 752913928, "zone": "NORTH", "len_km": 0.53}, "geometry": {"type": "LineString", "coordinates": [[-86.93668, 36.207261], [-86.936796, 36.207554], [-86.93688, 36.20788], [-86.93699, 36.208203], [-86.937062, 36.208442], [-86.937214, 36.208787], [-86.937284, 36.208934], [-86.937274, 36.209081], [-86.937314, 36.209247], [-86.937443, 36.209249], [-86.937904, 36.209067], [-86.93797, 36.209063], [-86.938064, 36.209126], [-86.938394, 36.209321], [-86.938473, 36.209291], [-86.938742, 36.209039], [-86.938816, 36.208976], [-86.938966, 36.20891], [-86.93909, 36.208903], [-86.939157, 36.208946], [-86.939219, 36.209038], [-86.939168, 36.209122], [-86.939018, 36.20925], [-86.938932, 36.209319], [-86.938848, 36.209356], [-86.938736, 36.209355], [-86.938583, 36.209346], [-86.938475, 36.209337], [-86.938394, 36.209321]]}}, {"type": "Feature", "properties": {"highway": "service", "osm_id": 752927950, "zone": "NORTH", "len_km": 0.265}, "geometry": {"type": "LineString", "coordinates": [[-86.937511, 36.213033], [-86.937671, 36.213146], [-86.937815, 36.213272], [-86.938031, 36.213546], [-86.938031, 36.213558], [-86.938029, 36.213599], [-86.938, 36.213654], [-86.937748, 36.213831], [-86.937693, 36.213889], [-86.93769, 36.213945], [-86.937746, 36.213998], [-86.937844, 36.214074], [-86.937877, 36.21413], [-86.937866, 36.214196], [-86.937755, 36.214326], [-86.937635, 36.214516], [-86.937533, 36.214757], [-86.937495, 36.214922], [-86.937474, 36.214962], [-86.937416, 36.214998]]}}, {"type": "Feature", "properties": {"highway": "service", "osm_id": 752983136, "zone": "PEN-N", "len_km": 0.079}, "geometry": {"type": "LineString", "coordinates": [[-86.929691, 36.183638], [-86.929631, 36.183586], [-86.929597, 36.183527], [-86.929582, 36.183431], [-86.929596, 36.183329], [-86.929634, 36.183246], [-86.929664, 36.183181], [-86.929691, 36.183112], [-86.929704, 36.183034], [-86.929685, 36.18297]]}}, {"type": "Feature", "properties": {"highway": "service", "osm_id": 753286103, "zone": "PEN-C", "len_km": 0.086}, "geometry": {"type": "LineString", "coordinates": [[-86.924747, 36.160192], [-86.924851, 36.160124], [-86.924916, 36.160101], [-86.924976, 36.160117], [-86.925102, 36.160188], [-86.925185, 36.160255], [-86.925259, 36.160278], [-86.925484, 36.160333], [-86.925584, 36.160366]]}}, {"type": "Feature", "properties": {"highway": "service", "osm_id": 754474764, "zone": "NORTH", "len_km": 0.084}, "geometry": {"type": "LineString", "coordinates": [[-86.947063, 36.237117], [-86.947128, 36.237052], [-86.947213, 36.237], [-86.94733, 36.23695], [-86.947541, 36.23688], [-86.947658, 36.236813], [-86.947811, 36.236676]]}}, {"type": "Feature", "properties": {"highway": "service", "osm_id": 754839024, "zone": "PEN-N", "len_km": 0.046}, "geometry": {"type": "LineString", "coordinates": [[-86.925265, 36.195464], [-86.925115, 36.195393], [-86.925005, 36.195344], [-86.924927, 36.195319], [-86.924801, 36.195348]]}}, {"type": "Feature", "properties": {"highway": "service", "osm_id": 754851911, "zone": "NORTH", "len_km": 0.059}, "geometry": {"type": "LineString", "coordinates": [[-86.915081, 36.234834], [-86.914732, 36.235282]]}}, {"type": "Feature", "properties": {"highway": "service", "osm_id": 754903065, "zone": "NORTH", "len_km": 0.058}, "geometry": {"type": "LineString", "coordinates": [[-86.906915, 36.237099], [-86.907517, 36.237301]]}}, {"type": "Feature", "properties": {"highway": "service", "bridge": "yes", "osm_id": 755087165, "zone": "PEN-C", "len_km": 0.009}, "geometry": {"type": "LineString", "coordinates": [[-86.929682, 36.174293], [-86.929582, 36.174283]]}}, {"type": "Feature", "properties": {"highway": "service", "osm_id": 755087166, "zone": "PEN-C", "len_km": 0.098}, "geometry": {"type": "LineString", "coordinates": [[-86.929582, 36.174283], [-86.929444, 36.174259], [-86.929332, 36.174237], [-86.929265, 36.174245], [-86.929199, 36.174296], [-86.929026, 36.174465], [-86.928839, 36.174625], [-86.928751, 36.17471]]}}, {"type": "Feature", "properties": {"highway": "service", "osm_id": 771852089, "zone": "NORTH", "len_km": 0.218}, "geometry": {"type": "LineString", "coordinates": [[-86.926261, 36.210994], [-86.92644, 36.211514], [-86.926503, 36.211709], [-86.92651, 36.2118], [-86.926491, 36.21187], [-86.926398, 36.211916], [-86.926275, 36.21191], [-86.92621, 36.211869], [-86.926161, 36.211791], [-86.92596, 36.211094]]}}, {"type": "Feature", "properties": {"highway": "service", "osm_id": 775221603, "zone": "NORTH", "len_km": 0.292}, "geometry": {"type": "LineString", "coordinates": [[-86.885136, 36.226947], [-86.88539, 36.227132], [-86.885567, 36.22724], [-86.885774, 36.227465], [-86.88586, 36.227595], [-86.885903, 36.227701], [-86.885937, 36.227936], [-86.885962, 36.228069], [-86.886062, 36.228295], [-86.886136, 36.228427], [-86.886137, 36.228509], [-86.886092, 36.22858], [-86.885974, 36.228669], [-86.885538, 36.228851], [-86.885363, 36.228976]]}}, {"type": "Feature", "properties": {"highway": "service", "osm_id": 779483341, "zone": "NORTH", "len_km": 0.239}, "geometry": {"type": "LineString", "coordinates": [[-86.910741, 36.210321], [-86.910719, 36.210494], [-86.910713, 36.210571], [-86.910685, 36.211449], [-86.9107, 36.211572], [-86.910747, 36.211803], [-86.910764, 36.211956], [-86.910771, 36.212139], [-86.910755, 36.212388], [-86.91074, 36.212471]]}}, {"type": "Feature", "properties": {"highway": "service", "osm_id": 782047626, "zone": "NORTH", "len_km": 0.049}, "geometry": {"type": "LineString", "coordinates": [[-86.935847, 36.207561], [-86.936015, 36.207985]]}}, {"type": "Feature", "properties": {"highway": "service", "osm_id": 782047627, "zone": "NORTH", "len_km": 0.067}, "geometry": {"type": "LineString", "coordinates": [[-86.935003, 36.207864], [-86.935123, 36.208219], [-86.93515, 36.208242], [-86.93518, 36.208255], [-86.935392, 36.208299]]}}, {"type": "Feature", "properties": {"highway": "service", "osm_id": 782047628, "zone": "NORTH", "len_km": 0.072}, "geometry": {"type": "LineString", "coordinates": [[-86.932361, 36.208814], [-86.932438, 36.209201], [-86.932438, 36.209249], [-86.932411, 36.20927], [-86.932371, 36.209286], [-86.932192, 36.209313]]}}, {"type": "Feature", "properties": {"highway": "service", "osm_id": 782597661, "zone": "NORTH", "len_km": 0.051}, "geometry": {"type": "LineString", "coordinates": [[-86.913921, 36.233294], [-86.913406, 36.233488]]}}, {"type": "Feature", "properties": {"highway": "service", "osm_id": 812561387, "zone": "NORTH", "len_km": 0.25}, "geometry": {"type": "LineString", "coordinates": [[-86.920782, 36.211997], [-86.921447, 36.212465], [-86.921623, 36.212554], [-86.921743, 36.212499], [-86.922016, 36.21228], [-86.92208, 36.212081], [-86.92212, 36.211953], [-86.922365, 36.211845], [-86.922412, 36.211752], [-86.922401, 36.211603], [-86.922391, 36.211466]]}}, {"type": "Feature", "properties": {"highway": "service", "osm_id": 812561388, "zone": "NORTH", "len_km": 0.089}, "geometry": {"type": "LineString", "coordinates": [[-86.922016, 36.21228], [-86.922158, 36.212419], [-86.922163, 36.212499], [-86.922047, 36.212648], [-86.921955, 36.212651], [-86.921788, 36.212635], [-86.921623, 36.212554]]}}, {"type": "Feature", "properties": {"highway": "service", "osm_id": 812561389, "zone": "NORTH", "len_km": 0.17}, "geometry": {"type": "LineString", "coordinates": [[-86.922412, 36.211752], [-86.922044, 36.211759], [-86.921893, 36.211792], [-86.921491, 36.21178], [-86.921369, 36.21183], [-86.921348, 36.211888], [-86.921383, 36.211947], [-86.921453, 36.211996], [-86.921725, 36.212], [-86.921893, 36.211792]]}}, {"type": "Feature", "properties": {"highway": "service", "osm_id": 812561390, "zone": "NORTH", "len_km": 0.128}, "geometry": {"type": "LineString", "coordinates": [[-86.920157, 36.213097], [-86.920333, 36.213158], [-86.920404, 36.213108], [-86.920516, 36.213074], [-86.920642, 36.213101], [-86.920714, 36.213159], [-86.920734, 36.213261], [-86.9207, 36.213345], [-86.92062, 36.213391], [-86.920509, 36.213387], [-86.920441, 36.213346], [-86.920388, 36.213274], [-86.920333, 36.213158]]}}, {"type": "Feature", "properties": {"highway": "service", "osm_id": 812561391, "zone": "NORTH", "len_km": 0.217}, "geometry": {"type": "LineString", "coordinates": [[-86.919689, 36.213878], [-86.919476, 36.213793], [-86.919339, 36.213715], [-86.919248, 36.213636], [-86.919131, 36.213468], [-86.919057, 36.2134], [-86.918895, 36.213254], [-86.918856, 36.213163], [-86.918814, 36.213047], [-86.918725, 36.212985], [-86.918553, 36.212923], [-86.918257, 36.212824], [-86.918098, 36.212902], [-86.918007, 36.213049]]}}, {"type": "Feature", "properties": {"highway": "service", "osm_id": 821695698, "zone": "NORTH", "len_km": 0.242}, "geometry": {"type": "LineString", "coordinates": [[-86.923273, 36.220615], [-86.923327, 36.22073], [-86.923334, 36.220747], [-86.923393, 36.220881], [-86.923438, 36.221007], [-86.923462, 36.221117], [-86.923468, 36.221219], [-86.923496, 36.221316], [-86.923549, 36.221443], [-86.923607, 36.221569], [-86.923651, 36.221704], [-86.92366, 36.221812], [-86.923678, 36.221937], [-86.923706, 36.222015], [-86.923761, 36.222085], [-86.923867, 36.222178], [-86.923972, 36.222261], [-86.924085, 36.222341], [-86.924232, 36.222453], [-86.924303, 36.222527], [-86.92431, 36.222547]]}}, {"type": "Feature", "properties": {"highway": "service", "osm_id": 821695699, "zone": "NORTH", "len_km": 0.016}, "geometry": {"type": "LineString", "coordinates": [[-86.924357, 36.222676], [-86.924377, 36.222662], [-86.924395, 36.222642], [-86.924412, 36.222586], [-86.924421, 36.222544]]}}, {"type": "Feature", "properties": {"highway": "service", "osm_id": 821695700, "zone": "NORTH", "len_km": 0.01}, "geometry": {"type": "LineString", "coordinates": [[-86.924421, 36.222544], [-86.924382, 36.222541], [-86.92431, 36.222547]]}}, {"type": "Feature", "properties": {"highway": "service", "osm_id": 821695701, "zone": "NORTH", "len_km": 0.864}, "geometry": {"type": "LineString", "coordinates": [[-86.924357, 36.222676], [-86.92436, 36.222743], [-86.92432, 36.222887], [-86.924306, 36.222969], [-86.924229, 36.223358], [-86.923973, 36.223742], [-86.923675, 36.224134], [-86.923436, 36.22433], [-86.923445, 36.224511], [-86.923454, 36.224693], [-86.923668, 36.225561], [-86.923853, 36.226158], [-86.924013, 36.226334], [-86.924067, 36.226492], [-86.924027, 36.226752], [-86.924071, 36.226942], [-86.924408, 36.227366], [-86.92452, 36.227498], [-86.924575, 36.227647], [-86.924626, 36.228174], [-86.924647, 36.228452], [-86.924716, 36.228578], [-86.925086, 36.228879], [-86.925989, 36.229604]]}}, {"type": "Feature", "properties": {"highway": "service", "osm_id": 821695702, "zone": "NORTH", "len_km": 0.015}, "geometry": {"type": "LineString", "coordinates": [[-86.92431, 36.222547], [-86.924334, 36.222607], [-86.924357, 36.222676]]}}, {"type": "Feature", "properties": {"highway": "service", "osm_id": 821695703, "zone": "NORTH", "len_km": 0.063}, "geometry": {"type": "LineString", "coordinates": [[-86.924421, 36.222544], [-86.924429, 36.222505], [-86.924465, 36.222406], [-86.924502, 36.222295], [-86.924512, 36.222179], [-86.924498, 36.222116], [-86.924448, 36.222067], [-86.9244, 36.22201]]}}, {"type": "Feature", "properties": {"highway": "track", "osm_id": 822231281, "zone": "PEN-N", "len_km": 0.103}, "geometry": {"type": "LineString", "coordinates": [[-86.913533, 36.184009], [-86.913516, 36.184255], [-86.913525, 36.184325], [-86.913565, 36.184407], [-86.913623, 36.184452], [-86.914074, 36.184613], [-86.914137, 36.18465]]}}, {"type": "Feature", "properties": {"highway": "track", "osm_id": 822231282, "zone": "PEN-N", "len_km": 0.03}, "geometry": {"type": "LineString", "coordinates": [[-86.913623, 36.184452], [-86.91365, 36.184494], [-86.91365, 36.184543], [-86.913612, 36.184599], [-86.913523, 36.184688]]}}, {"type": "Feature", "properties": {"highway": "service", "osm_id": 822420682, "zone": "NORTH", "len_km": 0.311}, "geometry": {"type": "LineString", "coordinates": [[-86.916097, 36.235553], [-86.915847, 36.235926], [-86.915682, 36.236152], [-86.915542, 36.236327], [-86.915028, 36.236982], [-86.91497, 36.237065], [-86.914854, 36.237282], [-86.914796, 36.237371], [-86.91472, 36.237412], [-86.914657, 36.237428], [-86.914606, 36.237421], [-86.914569, 36.237388], [-86.914553, 36.237342], [-86.914541, 36.237149], [-86.914504, 36.237053], [-86.914429, 36.236925]]}}, {"type": "Feature", "properties": {"highway": "service", "osm_id": 824145117, "zone": "NORTH", "len_km": 0.093}, "geometry": {"type": "LineString", "coordinates": [[-86.910473, 36.230319], [-86.910368, 36.230265], [-86.910163, 36.230133], [-86.910119, 36.230109], [-86.910083, 36.230104], [-86.910037, 36.230127], [-86.910014, 36.230161], [-86.909969, 36.230337], [-86.909927, 36.230468], [-86.909858, 36.230482]]}}, {"type": "Feature", "properties": {"highway": "service", "osm_id": 828040798, "zone": "PEN-C", "len_km": 0.05}, "geometry": {"type": "LineString", "coordinates": [[-86.932832, 36.172332], [-86.932638, 36.172339], [-86.932416, 36.172349], [-86.932378, 36.172383], [-86.93237, 36.17245]]}}, {"type": "Feature", "properties": {"highway": "service", "osm_id": 828710850, "zone": "PEN-S", "len_km": 1.154}, "geometry": {"type": "LineString", "coordinates": [[-86.900283, 36.146611], [-86.900291, 36.14676], [-86.900447, 36.147359], [-86.900665, 36.14812], [-86.900961, 36.149008], [-86.90114, 36.149506], [-86.901358, 36.150412], [-86.9014, 36.150612], [-86.901444, 36.150804], [-86.901595, 36.151463], [-86.901458, 36.15262], [-86.900986, 36.153458], [-86.900523, 36.15386], [-86.900017, 36.154137], [-86.899871, 36.154262], [-86.899854, 36.154442], [-86.900017, 36.154899], [-86.90018, 36.155017], [-86.900677, 36.155051], [-86.900857, 36.155273], [-86.901072, 36.155688], [-86.901072, 36.155869]]}}, {"type": "Feature", "properties": {"highway": "service", "osm_id": 828886140, "zone": "NORTH", "len_km": 0.47}, "geometry": {"type": "LineString", "coordinates": [[-86.898278, 36.211359], [-86.898257, 36.211706], [-86.89801, 36.212121], [-86.897913, 36.212355], [-86.897774, 36.212939], [-86.897758, 36.213107], [-86.897795, 36.213215], [-86.897854, 36.213289], [-86.897951, 36.213371], [-86.898153, 36.213451], [-86.898489, 36.213485], [-86.898669, 36.213489], [-86.898963, 36.213407], [-86.899272, 36.213263], [-86.899568, 36.213064], [-86.899674, 36.212927], [-86.899688, 36.212872], [-86.899522, 36.212673], [-86.899521, 36.212638], [-86.899666, 36.212523]]}}, {"type": "Feature", "properties": {"highway": "service", "osm_id": 829191462, "zone": "NORTH", "len_km": 0.056}, "geometry": {"type": "LineString", "coordinates": [[-86.936119, 36.213689], [-86.93632, 36.21396], [-86.936415, 36.214136]]}}, {"type": "Feature", "properties": {"highway": "service", "osm_id": 829191463, "zone": "NORTH", "len_km": 0.365}, "geometry": {"type": "LineString", "coordinates": [[-86.939907, 36.2147], [-86.939752, 36.214839], [-86.939651, 36.214957], [-86.939634, 36.215039], [-86.93968, 36.215237], [-86.939815, 36.215516], [-86.939942, 36.215618], [-86.940355, 36.215927], [-86.940656, 36.216408], [-86.940998, 36.217089], [-86.94117, 36.217569]]}}, {"type": "Feature", "properties": {"highway": "service", "osm_id": 829191464, "zone": "NORTH", "len_km": 0.107}, "geometry": {"type": "LineString", "coordinates": [[-86.94017, 36.213642], [-86.94022, 36.213787], [-86.940253, 36.213933], [-86.940194, 36.21406], [-86.940023, 36.2142], [-86.939713, 36.214421]]}}, {"type": "Feature", "properties": {"highway": "service", "osm_id": 829231405, "zone": "NORTH", "len_km": 0.077}, "geometry": {"type": "LineString", "coordinates": [[-86.929775, 36.208513], [-86.929901, 36.208926], [-86.929939, 36.209091], [-86.929866, 36.209172]]}}, {"type": "Feature", "properties": {"highway": "service", "osm_id": 829231406, "zone": "NORTH", "len_km": 0.085}, "geometry": {"type": "LineString", "coordinates": [[-86.927812, 36.210444], [-86.928078, 36.211033], [-86.928095, 36.211175]]}}, {"type": "Feature", "properties": {"highway": "service", "osm_id": 829236701, "zone": "NORTH", "len_km": 0.098}, "geometry": {"type": "LineString", "coordinates": [[-86.918966, 36.210731], [-86.918857, 36.210868], [-86.918756, 36.211011], [-86.918685, 36.211128], [-86.918612, 36.211258], [-86.918554, 36.211375], [-86.918483, 36.211524]]}}, {"type": "Feature", "properties": {"highway": "service", "osm_id": 829552965, "zone": "PEN-N", "len_km": 2.132}, "geometry": {"type": "LineString", "coordinates": [[-86.939422, 36.179742], [-86.937011, 36.179542], [-86.935389, 36.179323], [-86.934493, 36.179232], [-86.933913, 36.179232], [-86.933838, 36.179245], [-86.932862, 36.179328], [-86.933189, 36.180319], [-86.934063, 36.182843], [-86.934332, 36.183405], [-86.934643, 36.183968], [-86.934761, 36.184111], [-86.934927, 36.184219], [-86.936991, 36.184391], [-86.938849, 36.184557], [-86.940301, 36.184678], [-86.940483, 36.184698], [-86.940635, 36.184743], [-86.940737, 36.184834], [-86.94079, 36.184916], [-86.940817, 36.185038], [-86.940812, 36.185159], [-86.940495, 36.186696], [-86.940431, 36.187016], [-86.940174, 36.187323], [-86.94005, 36.187354], [-86.940012, 36.187401], [-86.940098, 36.187527], [-86.940083, 36.187711], [-86.940058, 36.187861], [-86.940083, 36.187907], [-86.940147, 36.187944], [-86.940605, 36.187973], [-86.940834, 36.187993]]}}, {"type": "Feature", "properties": {"highway": "service", "osm_id": 829595617, "zone": "NORTH", "len_km": 0.741}, "geometry": {"type": "LineString", "coordinates": [[-86.910193, 36.209527], [-86.910189, 36.209415], [-86.910211, 36.209309], [-86.910256, 36.209145], [-86.910318, 36.208943], [-86.910359, 36.208754], [-86.910384, 36.208591], [-86.910395, 36.208492], [-86.910383, 36.208409], [-86.910349, 36.208322], [-86.910302, 36.208182], [-86.910274, 36.208095], [-86.910253, 36.208061], [-86.910221, 36.208038], [-86.910163, 36.208027], [-86.910097, 36.208032], [-86.909874, 36.20808], [-86.909463, 36.208161], [-86.90918, 36.208195], [-86.908891, 36.208223], [-86.908507, 36.208271], [-86.908366, 36.208296], [-86.908161, 36.208346], [-86.907925, 36.208405], [-86.907761, 36.208441], [-86.907695, 36.208441], [-86.90764, 36.20843], [-86.90757, 36.208401], [-86.907503, 36.208349], [-86.907336, 36.208187], [-86.907219, 36.208053], [-86.907092, 36.207896], [-86.907035, 36.207814], [-86.907024, 36.207778], [-86.907013, 36.207716], [-86.907024, 36.207632], [-86.907044, 36.207525], [-86.907049, 36.207435], [-86.907049, 36.207348], [-86.907038, 36.207286], [-86.907021, 36.207168], [-86.906992, 36.206925], [-86.906932, 36.206658], [-86.906907, 36.206584], [-86.906842, 36.206474], [-86.906783, 36.206333], [-86.906773, 36.206282], [-86.906779, 36.206173], [-86.906779, 36.206145], [-86.906761, 36.206117], [-86.906719, 36.206083], [-86.906648, 36.206061], [-86.90651, 36.206041], [-86.906196, 36.206006]]}}, {"type": "Feature", "properties": {"highway": "service", "osm_id": 831046933, "zone": "PEN-N", "len_km": 0.247}, "geometry": {"type": "LineString", "coordinates": [[-86.943384, 36.205042], [-86.943267, 36.204738], [-86.943246, 36.204638], [-86.943283, 36.204519], [-86.943369, 36.204454], [-86.94389, 36.20427], [-86.944786, 36.203942], [-86.945174, 36.203826]]}}, {"type": "Feature", "properties": {"highway": "service", "osm_id": 831688583, "zone": "NORTH", "len_km": 0.252}, "geometry": {"type": "LineString", "coordinates": [[-86.906281, 36.238207], [-86.90661, 36.238488], [-86.906911, 36.238738], [-86.907038, 36.2389], [-86.907093, 36.239017], [-86.907032, 36.239182], [-86.906874, 36.239257], [-86.906635, 36.239207], [-86.906397, 36.239185], [-86.906134, 36.239172], [-86.905923, 36.23913], [-86.905784, 36.23909]]}}, {"type": "Feature", "properties": {"highway": "service", "osm_id": 831688584, "zone": "NORTH", "len_km": 0.056}, "geometry": {"type": "LineString", "coordinates": [[-86.90525, 36.239953], [-86.904682, 36.239744]]}}, {"type": "Feature", "properties": {"highway": "service", "osm_id": 831749299, "zone": "NORTH", "len_km": 0.076}, "geometry": {"type": "LineString", "coordinates": [[-86.959716, 36.205628], [-86.959603, 36.205546], [-86.959598, 36.205481], [-86.95978, 36.205009]]}}, {"type": "Feature", "properties": {"highway": "service", "osm_id": 831754256, "zone": "PEN-C", "len_km": 0.923}, "geometry": {"type": "LineString", "coordinates": [[-86.931207, 36.166073], [-86.931362, 36.166057], [-86.931464, 36.166064], [-86.931558, 36.166082], [-86.931687, 36.166112], [-86.931776, 36.166134], [-86.931856, 36.166141], [-86.931945, 36.16614], [-86.932012, 36.166142], [-86.932061, 36.166068], [-86.932187, 36.165981], [-86.932272, 36.16596], [-86.932392, 36.165955], [-86.932535, 36.165973], [-86.932942, 36.16602], [-86.933261, 36.166055], [-86.933451, 36.166063], [-86.933573, 36.166067], [-86.934674, 36.16615], [-86.93522, 36.166207], [-86.936049, 36.166256], [-86.938112, 36.166456], [-86.939521, 36.166596], [-86.940162, 36.166681], [-86.940394, 36.166709], [-86.940476, 36.166737], [-86.940534, 36.166769], [-86.940567, 36.166802], [-86.940575, 36.166853], [-86.940575, 36.1669], [-86.94056, 36.166923], [-86.940534, 36.166945], [-86.94051, 36.166952], [-86.940454, 36.166952], [-86.940419, 36.166944], [-86.940371, 36.166922], [-86.940312, 36.16685], [-86.940209, 36.16673], [-86.940162, 36.166681]]}}, {"type": "Feature", "properties": {"highway": "service", "osm_id": 831754257, "zone": "PEN-C", "len_km": 0.301}, "geometry": {"type": "LineString", "coordinates": [[-86.932012, 36.166142], [-86.932031, 36.166274], [-86.93206, 36.166389], [-86.932151, 36.166662], [-86.932318, 36.167081], [-86.932409, 36.167334], [-86.932414, 36.167395], [-86.932376, 36.167447], [-86.932296, 36.167512], [-86.932282, 36.167555], [-86.932287, 36.16764], [-86.932307, 36.167721], [-86.932285, 36.167783], [-86.932258, 36.167907], [-86.932282, 36.168107], [-86.932336, 36.168428], [-86.932376, 36.168588], [-86.932391, 36.168664], [-86.932378, 36.168701], [-86.932332, 36.168745]]}}, {"type": "Feature", "properties": {"highway": "service", "osm_id": 831754258, "zone": "PEN-C", "len_km": 0.16}, "geometry": {"type": "LineString", "coordinates": [[-86.929974, 36.164727], [-86.930315, 36.164528], [-86.930389, 36.16446], [-86.930431, 36.164404], [-86.930456, 36.164346], [-86.930462, 36.164277], [-86.930441, 36.164208], [-86.930389, 36.164165], [-86.930315, 36.164147], [-86.930219, 36.164152], [-86.930114, 36.164165], [-86.929946, 36.164209], [-86.929776, 36.164291], [-86.929628, 36.164384]]}}, {"type": "Feature", "properties": {"highway": "service", "osm_id": 832234766, "zone": "NORTH", "len_km": 0.238}, "geometry": {"type": "LineString", "coordinates": [[-86.916786, 36.218874], [-86.916599, 36.218827], [-86.916165, 36.218731], [-86.915939, 36.218674], [-86.915808, 36.218648], [-86.915679, 36.218672], [-86.915573, 36.218724], [-86.915464, 36.218774], [-86.915365, 36.218774], [-86.915143, 36.218756], [-86.914997, 36.21875], [-86.914844, 36.218786], [-86.914688, 36.218828], [-86.914547, 36.218842], [-86.914391, 36.218816], [-86.91424, 36.218756]]}}, {"type": "Feature", "properties": {"highway": "service", "osm_id": 833741781, "zone": "PEN-C", "len_km": 0.134}, "geometry": {"type": "LineString", "coordinates": [[-86.930893, 36.170577], [-86.931323, 36.170619], [-86.931429, 36.170619], [-86.931492, 36.170591], [-86.931515, 36.170553], [-86.931507, 36.170477], [-86.931468, 36.170293], [-86.931437, 36.170185], [-86.931402, 36.170147], [-86.931354, 36.170128], [-86.931225, 36.170109], [-86.931103, 36.170083]]}}, {"type": "Feature", "properties": {"highway": "service", "osm_id": 833741782, "zone": "PEN-C", "len_km": 0.506}, "geometry": {"type": "LineString", "coordinates": [[-86.938123, 36.169759], [-86.937676, 36.169766], [-86.937344, 36.169759], [-86.936892, 36.169751], [-86.936468, 36.169773], [-86.935898, 36.16986], [-86.935399, 36.169977], [-86.934518, 36.170135], [-86.933049, 36.170399], [-86.932572, 36.170467]]}}, {"type": "Feature", "properties": {"highway": "service", "osm_id": 834254385, "zone": "PEN-C", "len_km": 0.867}, "geometry": {"type": "LineString", "coordinates": [[-86.912946, 36.152298], [-86.913089, 36.152428], [-86.913572, 36.15332], [-86.91362, 36.153355], [-86.913674, 36.153437], [-86.913674, 36.153493], [-86.914189, 36.154321], [-86.914392, 36.154758], [-86.914435, 36.154897], [-86.914435, 36.154953], [-86.914398, 36.155018], [-86.914124, 36.155144], [-86.914022, 36.155217], [-86.913937, 36.155382], [-86.913845, 36.155702], [-86.914022, 36.156768], [-86.913937, 36.157032], [-86.913835, 36.157175], [-86.913545, 36.157322], [-86.913137, 36.157448], [-86.913062, 36.157487], [-86.913025, 36.157526], [-86.913003, 36.157604], [-86.912939, 36.158228], [-86.912622, 36.158561], [-86.912569, 36.158691], [-86.91251, 36.159085]]}}, {"type": "Feature", "properties": {"highway": "service", "osm_id": 834255909, "zone": "NORTH", "len_km": 0.575}, "geometry": {"type": "LineString", "coordinates": [[-86.94117, 36.217569], [-86.941273, 36.217747], [-86.941445, 36.218314], [-86.94145, 36.2186], [-86.941611, 36.219158], [-86.941665, 36.219815], [-86.941718, 36.21998], [-86.941697, 36.220118], [-86.941761, 36.22043], [-86.942137, 36.221161], [-86.942169, 36.221191], [-86.942319, 36.221507], [-86.942282, 36.221611], [-86.942303, 36.221689], [-86.94225, 36.221831], [-86.942217, 36.222022], [-86.942271, 36.22258]]}}, {"type": "Feature", "properties": {"highway": "service", "osm_id": 834258918, "zone": "PEN-N", "len_km": 0.138}, "geometry": {"type": "LineString", "coordinates": [[-86.928125, 36.18985], [-86.928743, 36.189949], [-86.928891, 36.189984], [-86.928963, 36.190001], [-86.929644, 36.189997]]}}, {"type": "Feature", "properties": {"highway": "service", "osm_id": 834263246, "zone": "NORTH", "len_km": 0.164}, "geometry": {"type": "LineString", "coordinates": [[-86.88643, 36.210869], [-86.886275, 36.211244], [-86.886127, 36.211535], [-86.885958, 36.211889], [-86.885824, 36.212266]]}}, {"type": "Feature", "properties": {"highway": "service", "osm_id": 837024002, "zone": "NORTH", "len_km": 0.411}, "geometry": {"type": "LineString", "coordinates": [[-86.95836, 36.212743], [-86.958633, 36.212475], [-86.959014, 36.212013], [-86.959035, 36.211987], [-86.959126, 36.2119], [-86.959314, 36.211766], [-86.959322, 36.211422], [-86.959226, 36.211083], [-86.959493, 36.210699], [-86.95979, 36.210107], [-86.959991, 36.209445]]}}, {"type": "Feature", "properties": {"highway": "service", "osm_id": 837024002, "zone": "NORTH", "len_km": 0.079}, "geometry": {"type": "LineString", "coordinates": [[-86.959891, 36.211928], [-86.959563, 36.211928], [-86.95921, 36.211977], [-86.959014, 36.212013]]}}, {"type": "Feature", "properties": {"highway": "service", "osm_id": 837024003, "zone": "NORTH", "len_km": 0.037}, "geometry": {"type": "LineString", "coordinates": [[-86.959314, 36.211766], [-86.959729, 36.211776]]}}, {"type": "Feature", "properties": {"highway": "service", "osm_id": 837883849, "zone": "PEN-S", "len_km": 0.106}, "geometry": {"type": "LineString", "coordinates": [[-86.915152, 36.143273], [-86.914433, 36.143285], [-86.914339, 36.143308], [-86.914254, 36.143385], [-86.91407, 36.143508]]}}, {"type": "Feature", "properties": {"highway": "service", "osm_id": 838433828, "zone": "PEN-S", "len_km": 0.14}, "geometry": {"type": "LineString", "coordinates": [[-86.915404, 36.150973], [-86.915429, 36.15084], [-86.915473, 36.150733], [-86.915591, 36.150635], [-86.915805, 36.150451], [-86.916039, 36.150338], [-86.91613, 36.150305], [-86.916188, 36.150256], [-86.916248, 36.150193], [-86.916255, 36.150138], [-86.916272, 36.150073], [-86.916309, 36.15003]]}}, {"type": "Feature", "properties": {"highway": "service", "osm_id": 841400388, "zone": "NORTH", "len_km": 0.352}, "geometry": {"type": "LineString", "coordinates": [[-86.948358, 36.205534], [-86.948295, 36.205694], [-86.948262, 36.205858], [-86.948272, 36.205972], [-86.94831, 36.206121], [-86.948411, 36.206276], [-86.948543, 36.206385], [-86.948635, 36.206482], [-86.94868, 36.206548], [-86.948718, 36.206643], [-86.948747, 36.206814], [-86.948745, 36.206863], [-86.948682, 36.207009], [-86.948591, 36.207161], [-86.94859, 36.207177], [-86.948598, 36.207204], [-86.948618, 36.207235], [-86.948675, 36.207259], [-86.949107, 36.207375], [-86.949551, 36.207494], [-86.950008, 36.207613], [-86.950102, 36.207653], [-86.950133, 36.207694]]}}, {"type": "Feature", "properties": {"highway": "service", "osm_id": 841583954, "zone": "NORTH", "len_km": 0.054}, "geometry": {"type": "LineString", "coordinates": [[-86.926339, 36.206464], [-86.926441, 36.206502], [-86.926559, 36.206509], [-86.926767, 36.2065], [-86.926871, 36.2065], [-86.926934, 36.206513]]}}, {"type": "Feature", "properties": {"highway": "service", "osm_id": 842619376, "zone": "NORTH", "len_km": 0.146}, "geometry": {"type": "LineString", "coordinates": [[-86.919359, 36.214426], [-86.919506, 36.214495], [-86.919674, 36.214541], [-86.919861, 36.21462], [-86.919916, 36.214619], [-86.91996, 36.214606], [-86.92, 36.214585], [-86.920061, 36.214509], [-86.92007, 36.214478], [-86.92006, 36.214439], [-86.920045, 36.214399], [-86.920031, 36.214339], [-86.920022, 36.214295], [-86.920013, 36.214269], [-86.919978, 36.214234], [-86.919886, 36.214185], [-86.919717, 36.214102], [-86.919588, 36.214047]]}}, {"type": "Feature", "properties": {"highway": "service", "osm_id": 842619377, "zone": "NORTH", "len_km": 0.369}, "geometry": {"type": "LineString", "coordinates": [[-86.917538, 36.215717], [-86.917528, 36.215679], [-86.91753, 36.21562], [-86.917552, 36.21557], [-86.917721, 36.215357], [-86.917783, 36.215274], [-86.917875, 36.215084], [-86.91794, 36.214971], [-86.918021, 36.214822], [-86.918069, 36.214706], [-86.918123, 36.214557], [-86.918133, 36.214461], [-86.918127, 36.214341], [-86.918082, 36.214183], [-86.918074, 36.214123], [-86.918064, 36.214072], [-86.918037, 36.214021], [-86.917946, 36.213872], [-86.917881, 36.213808], [-86.917726, 36.213639], [-86.917558, 36.213444], [-86.917428, 36.213315], [-86.917342, 36.213243], [-86.917169, 36.213128], [-86.916775, 36.212951]]}}, {"type": "Feature", "properties": {"highway": "service", "osm_id": 842624193, "zone": "NORTH", "len_km": 0.852}, "geometry": {"type": "LineString", "coordinates": [[-86.953365, 36.208616], [-86.953203, 36.208867], [-86.953171, 36.208917], [-86.953051, 36.209173], [-86.952904, 36.209371], [-86.952663, 36.209636], [-86.952364, 36.20993], [-86.952141, 36.210166], [-86.951945, 36.210496], [-86.95177, 36.210748], [-86.951587, 36.210895], [-86.951326, 36.211098], [-86.951057, 36.211334], [-86.950864, 36.211536], [-86.950633, 36.211845], [-86.950541, 36.212053], [-86.950464, 36.212234], [-86.950417, 36.212483], [-86.950355, 36.212829], [-86.950306, 36.213005], [-86.950258, 36.213313], [-86.950319, 36.213764], [-86.950248, 36.214102], [-86.950267, 36.214329], [-86.95036, 36.214563], [-86.950677, 36.215137], [-86.950851, 36.215434]]}}, {"type": "Feature", "properties": {"highway": "service", "osm_id": 842733266, "zone": "PEN-C", "len_km": 0.105}, "geometry": {"type": "LineString", "coordinates": [[-86.919841, 36.173637], [-86.91973, 36.173595], [-86.919582, 36.173498], [-86.919329, 36.173278], [-86.919219, 36.173188], [-86.919138, 36.173017], [-86.919106, 36.172936]]}}, {"type": "Feature", "properties": {"highway": "service", "osm_id": 844241849, "zone": "NORTH", "len_km": 0.107}, "geometry": {"type": "LineString", "coordinates": [[-86.932142, 36.215304], [-86.932264, 36.215597], [-86.93227, 36.215629], [-86.932259, 36.215662], [-86.932213, 36.215699], [-86.932084, 36.215757], [-86.932036, 36.215764], [-86.931998, 36.215754], [-86.931916, 36.215693], [-86.931772, 36.215466]]}}, {"type": "Feature", "properties": {"highway": "service", "osm_id": 844241850, "zone": "NORTH", "len_km": 0.106}, "geometry": {"type": "LineString", "coordinates": [[-86.93155, 36.215563], [-86.931597, 36.215686], [-86.931693, 36.215883], [-86.931777, 36.216062], [-86.931831, 36.216135], [-86.931932, 36.216188], [-86.932191, 36.216301]]}}, {"type": "Feature", "properties": {"highway": "service", "osm_id": 844278574, "zone": "PEN-S", "len_km": 0.155}, "geometry": {"type": "LineString", "coordinates": [[-86.916996, 36.148065], [-86.917122, 36.14773], [-86.917333, 36.147354], [-86.917574, 36.146928], [-86.917701, 36.146801]]}}, {"type": "Feature", "properties": {"highway": "service", "osm_id": 845225917, "zone": "NORTH", "len_km": 0.29}, "geometry": {"type": "LineString", "coordinates": [[-86.890124, 36.211587], [-86.889958, 36.211891], [-86.889854, 36.212082], [-86.889535, 36.212315], [-86.889247, 36.212384], [-86.888696, 36.212272], [-86.888513, 36.212103], [-86.888468, 36.211976], [-86.888587, 36.211619], [-86.888658, 36.211331]]}}, {"type": "Feature", "properties": {"highway": "service", "osm_id": 845230456, "zone": "PEN-S", "len_km": 0.09}, "geometry": {"type": "LineString", "coordinates": [[-86.914415, 36.146431], [-86.914474, 36.146261], [-86.91449, 36.146218], [-86.91449, 36.145893], [-86.914458, 36.145815], [-86.914239, 36.145767]]}}, {"type": "Feature", "properties": {"highway": "service", "osm_id": 845955754, "zone": "PEN-C", "len_km": 0.277}, "geometry": {"type": "LineString", "coordinates": [[-86.932949, 36.1745], [-86.932843, 36.174332], [-86.932705, 36.174061], [-86.932643, 36.173963], [-86.93257, 36.17394], [-86.932467, 36.173907], [-86.932384, 36.173841], [-86.932222, 36.173701], [-86.932121, 36.17362], [-86.931952, 36.173573], [-86.930465, 36.173428]]}}, {"type": "Feature", "properties": {"highway": "service", "osm_id": 845955755, "zone": "PEN-C", "len_km": 0.03}, "geometry": {"type": "LineString", "coordinates": [[-86.932968, 36.173902], [-86.932852, 36.173925], [-86.932757, 36.173947], [-86.932643, 36.173963]]}}, {"type": "Feature", "properties": {"highway": "service", "osm_id": 846389898, "zone": "PEN-C", "len_km": 0.067}, "geometry": {"type": "LineString", "coordinates": [[-86.931197, 36.169861], [-86.930996, 36.169764], [-86.930817, 36.169677], [-86.930715, 36.169606], [-86.93069, 36.169572], [-86.930687, 36.169537], [-86.930686, 36.169478]]}}, {"type": "Feature", "properties": {"highway": "service", "osm_id": 847840169, "zone": "NORTH", "len_km": 0.075}, "geometry": {"type": "LineString", "coordinates": [[-86.9356, 36.21464], [-86.935546, 36.214477], [-86.93533, 36.214004]]}}, {"type": "Feature", "properties": {"highway": "service", "osm_id": 847843580, "zone": "NORTH", "len_km": 0.157}, "geometry": {"type": "LineString", "coordinates": [[-86.925407, 36.20979], [-86.925492, 36.210232], [-86.925437, 36.210341], [-86.925387, 36.21039], [-86.925325, 36.210405], [-86.925265, 36.210394], [-86.925211, 36.210352], [-86.925168, 36.210231], [-86.925101, 36.209893], [-86.925133, 36.20974]]}}, {"type": "Feature", "properties": {"highway": "service", "osm_id": 847850047, "zone": "NORTH", "len_km": 0.307}, "geometry": {"type": "LineString", "coordinates": [[-86.915168, 36.216593], [-86.914906, 36.21654], [-86.914735, 36.216508], [-86.913902, 36.216413], [-86.913388, 36.216389], [-86.91321, 36.216357], [-86.912807, 36.216208], [-86.912669, 36.216174], [-86.912513, 36.21622], [-86.91233, 36.216309], [-86.912036, 36.216378], [-86.911896, 36.216462]]}}, {"type": "Feature", "properties": {"highway": "service", "osm_id": 850478191, "zone": "NORTH", "len_km": 0.052}, "geometry": {"type": "LineString", "coordinates": [[-86.895486, 36.211738], [-86.895501, 36.212203]]}}, {"type": "Feature", "properties": {"highway": "service", "osm_id": 850478192, "zone": "NORTH", "len_km": 0.457}, "geometry": {"type": "LineString", "coordinates": [[-86.898016, 36.211173], [-86.897971, 36.211141], [-86.897874, 36.211062], [-86.897809, 36.210987], [-86.897776, 36.210885], [-86.897773, 36.210794], [-86.897758, 36.210613], [-86.897755, 36.210424], [-86.897769, 36.210319], [-86.897791, 36.21025], [-86.897838, 36.210203], [-86.897931, 36.210154], [-86.898061, 36.210125], [-86.898266, 36.210136], [-86.898561, 36.210151], [-86.898687, 36.210099], [-86.898733, 36.209971], [-86.898764, 36.209873], [-86.898787, 36.2098], [-86.898863, 36.209573], [-86.898949, 36.20955], [-86.899777, 36.209579], [-86.899921, 36.209582], [-86.901086, 36.209608]]}}, {"type": "Feature", "properties": {"highway": "service", "osm_id": 850478193, "zone": "NORTH", "len_km": 0.133}, "geometry": {"type": "LineString", "coordinates": [[-86.899921, 36.209582], [-86.899906, 36.209832], [-86.89987, 36.209878], [-86.89978, 36.209901], [-86.898764, 36.209873]]}}, {"type": "Feature", "properties": {"highway": "service", "osm_id": 850706122, "zone": "NORTH", "len_km": 0.017}, "geometry": {"type": "LineString", "coordinates": [[-86.914138, 36.22505], [-86.913967, 36.224979]]}}, {"type": "Feature", "properties": {"highway": "service", "bridge": "yes", "osm_id": 850706123, "zone": "NORTH", "len_km": 0.012}, "geometry": {"type": "LineString", "coordinates": [[-86.913967, 36.224979], [-86.913849, 36.224935]]}}, {"type": "Feature", "properties": {"highway": "service", "osm_id": 850706124, "zone": "NORTH", "len_km": 0.034}, "geometry": {"type": "LineString", "coordinates": [[-86.913849, 36.224935], [-86.913788, 36.224907], [-86.913772, 36.224884], [-86.913764, 36.224848], [-86.913774, 36.224807], [-86.913791, 36.224775], [-86.913879, 36.224689]]}}, {"type": "Feature", "properties": {"highway": "service", "osm_id": 850706125, "zone": "NORTH", "len_km": 0.075}, "geometry": {"type": "LineString", "coordinates": [[-86.913972, 36.225347], [-86.914229, 36.225401], [-86.91444, 36.225452], [-86.914521, 36.225492], [-86.914559, 36.225537], [-86.914559, 36.225618], [-86.914535, 36.225687]]}}, {"type": "Feature", "properties": {"highway": "service", "osm_id": 850706126, "zone": "NORTH", "len_km": 0.084}, "geometry": {"type": "LineString", "coordinates": [[-86.916034, 36.220889], [-86.916115, 36.220913], [-86.916136, 36.220919], [-86.916277, 36.220975], [-86.916317, 36.220985], [-86.916334, 36.220988], [-86.91635, 36.220985], [-86.916363, 36.220973], [-86.916367, 36.22096], [-86.916364, 36.220942], [-86.91635, 36.220891], [-86.916295, 36.220733], [-86.916264, 36.220637], [-86.916261, 36.220625], [-86.916242, 36.220575], [-86.916227, 36.220554], [-86.916197, 36.22053]]}}, {"type": "Feature", "properties": {"highway": "service", "osm_id": 850706127, "zone": "NORTH", "len_km": 0.033}, "geometry": {"type": "LineString", "coordinates": [[-86.916115, 36.220913], [-86.916264, 36.220637]]}}, {"type": "Feature", "properties": {"highway": "service", "osm_id": 850706128, "zone": "NORTH", "len_km": 0.106}, "geometry": {"type": "LineString", "coordinates": [[-86.915834, 36.221328], [-86.915981, 36.221367], [-86.916058, 36.221377], [-86.916168, 36.221385], [-86.916236, 36.221388], [-86.916262, 36.221401], [-86.91627, 36.221423], [-86.916265, 36.221445], [-86.916241, 36.221495], [-86.916206, 36.221554], [-86.916191, 36.221574], [-86.91618, 36.221584], [-86.916166, 36.22159], [-86.916149, 36.221589], [-86.916124, 36.221584], [-86.91593, 36.221541], [-86.915916, 36.221531], [-86.91591, 36.22152], [-86.915913, 36.221506], [-86.915918, 36.22149], [-86.915937, 36.221445], [-86.915981, 36.221367]]}}, {"type": "Feature", "properties": {"highway": "service", "osm_id": 850710855, "zone": "PEN-C", "len_km": 0.091}, "geometry": {"type": "LineString", "coordinates": [[-86.93257, 36.17394], [-86.932484, 36.174022], [-86.932457, 36.174067], [-86.932406, 36.174177], [-86.932235, 36.174707]]}}, {"type": "Feature", "properties": {"highway": "service", "osm_id": 850725478, "zone": "NORTH", "len_km": 0.153}, "geometry": {"type": "LineString", "coordinates": [[-86.938031, 36.213558], [-86.938491, 36.213977], [-86.938442, 36.214394], [-86.938356, 36.214452], [-86.93823, 36.214535], [-86.938068, 36.214655]]}}, {"type": "Feature", "properties": {"highway": "service", "osm_id": 850725479, "zone": "NORTH", "len_km": 0.105}, "geometry": {"type": "LineString", "coordinates": [[-86.938442, 36.214394], [-86.938515, 36.214491], [-86.938573, 36.214632], [-86.938325, 36.214921], [-86.938062, 36.215178]]}}, {"type": "Feature", "properties": {"highway": "service", "osm_id": 850725480, "zone": "NORTH", "len_km": 0.038}, "geometry": {"type": "LineString", "coordinates": [[-86.938573, 36.214632], [-86.938929, 36.214817]]}}, {"type": "Feature", "properties": {"highway": "service", "osm_id": 850733572, "zone": "NORTH", "len_km": 0.048}, "geometry": {"type": "LineString", "coordinates": [[-86.954516, 36.234671], [-86.95448, 36.234666], [-86.954455, 36.234651], [-86.954429, 36.234632], [-86.954372, 36.234584], [-86.954191, 36.234344]]}}, {"type": "Feature", "properties": {"highway": "service", "osm_id": 850752535, "zone": "NORTH", "len_km": 0.129}, "geometry": {"type": "LineString", "coordinates": [[-86.959989, 36.231773], [-86.959929, 36.231719], [-86.959858, 36.23168], [-86.959759, 36.231647], [-86.959646, 36.23165], [-86.959463, 36.231724], [-86.959402, 36.231799], [-86.959409, 36.231857], [-86.959427, 36.232083], [-86.959462, 36.232253], [-86.95952, 36.232378]]}}, {"type": "Feature", "properties": {"highway": "service", "osm_id": 850758013, "zone": "PEN-N", "len_km": 0.064}, "geometry": {"type": "LineString", "coordinates": [[-86.927722, 36.190577], [-86.92765, 36.190547], [-86.92762, 36.190512], [-86.927605, 36.190473], [-86.927595, 36.190427], [-86.927589, 36.190362], [-86.927589, 36.190314], [-86.927587, 36.190241], [-86.927584, 36.190222], [-86.927578, 36.190201], [-86.927571, 36.190192], [-86.92756, 36.190186], [-86.927545, 36.190183], [-86.927528, 36.190183], [-86.927507, 36.190185], [-86.927488, 36.190192], [-86.927433, 36.190251]]}}, {"type": "Feature", "properties": {"highway": "service", "osm_id": 850758014, "zone": "PEN-N", "len_km": 0.101}, "geometry": {"type": "LineString", "coordinates": [[-86.928891, 36.189984], [-86.928991, 36.190061], [-86.929104, 36.190172], [-86.929202, 36.190276], [-86.929321, 36.190396], [-86.929425, 36.190478], [-86.929549, 36.190579], [-86.9296, 36.190626], [-86.92961, 36.190652], [-86.929612, 36.190677]]}}, {"type": "Feature", "properties": {"highway": "service", "osm_id": 850763540, "zone": "NORTH", "len_km": 0.164}, "geometry": {"type": "LineString", "coordinates": [[-86.893274, 36.211826], [-86.893249, 36.211604], [-86.893234, 36.211385], [-86.893224, 36.21132], [-86.893234, 36.211226], [-86.893266, 36.211165], [-86.893304, 36.211135], [-86.893347, 36.211104], [-86.893397, 36.211096], [-86.893458, 36.211088], [-86.893601, 36.211101], [-86.893737, 36.211129], [-86.893767, 36.211184], [-86.893797, 36.211279], [-86.893865, 36.211344], [-86.893955, 36.211407], [-86.893983, 36.211461]]}}, {"type": "Feature", "properties": {"highway": "service", "osm_id": 850770455, "zone": "NORTH", "len_km": 0.107}, "geometry": {"type": "LineString", "coordinates": [[-86.905519, 36.239504], [-86.905956, 36.239651], [-86.906192, 36.239728], [-86.906625, 36.239868]]}}, {"type": "Feature", "properties": {"highway": "service", "osm_id": 850770456, "zone": "NORTH", "len_km": 0.126}, "geometry": {"type": "LineString", "coordinates": [[-86.905751, 36.239132], [-86.905871, 36.239191], [-86.905991, 36.239239], [-86.906125, 36.239269], [-86.906279, 36.239291], [-86.906476, 36.239326], [-86.906653, 36.23938], [-86.906911, 36.239475], [-86.907055, 36.239532]]}}, {"type": "Feature", "properties": {"highway": "service", "osm_id": 850788135, "zone": "PEN-N", "len_km": 0.049}, "geometry": {"type": "LineString", "coordinates": [[-86.926225, 36.193374], [-86.926024, 36.193266], [-86.925787, 36.19311]]}}, {"type": "Feature", "properties": {"highway": "service", "osm_id": 850788136, "zone": "PEN-N", "len_km": 0.082}, "geometry": {"type": "LineString", "coordinates": [[-86.927098, 36.19339], [-86.927086, 36.193421], [-86.927059, 36.19345], [-86.927013, 36.193461], [-86.92696, 36.193444], [-86.926876, 36.193407], [-86.926801, 36.193342], [-86.926513, 36.193241], [-86.926325, 36.193174]]}}, {"type": "Feature", "properties": {"highway": "service", "osm_id": 850911965, "zone": "PEN-N", "len_km": 0.097}, "geometry": {"type": "LineString", "coordinates": [[-86.919152, 36.184191], [-86.91913, 36.184242], [-86.919134, 36.184282], [-86.919152, 36.184344], [-86.919175, 36.18438], [-86.919231, 36.18444], [-86.919331, 36.184526], [-86.919414, 36.184593], [-86.919475, 36.184639], [-86.919527, 36.184665], [-86.919584, 36.184691], [-86.919654, 36.184705], [-86.919723, 36.184706], [-86.91979, 36.18469], [-86.919847, 36.18467]]}}, {"type": "Feature", "properties": {"highway": "service", "osm_id": 850926152, "zone": "PEN-N", "len_km": 0.048}, "geometry": {"type": "LineString", "coordinates": [[-86.92961, 36.185028], [-86.929532, 36.185011], [-86.929466, 36.184978], [-86.929389, 36.184931], [-86.929271, 36.184864], [-86.929233, 36.184844], [-86.92915, 36.184814]]}}, {"type": "Feature", "properties": {"highway": "service", "osm_id": 850928315, "zone": "NORTH", "len_km": 0.079}, "geometry": {"type": "LineString", "coordinates": [[-86.95423, 36.232017], [-86.954357, 36.231992], [-86.954413, 36.232014], [-86.95446, 36.232069], [-86.954499, 36.232193], [-86.954605, 36.232331], [-86.954709, 36.232435], [-86.954776, 36.232464]]}}, {"type": "Feature", "properties": {"highway": "service", "osm_id": 851133530, "zone": "NORTH", "len_km": 0.172}, "geometry": {"type": "LineString", "coordinates": [[-86.903254, 36.231056], [-86.90325, 36.231349], [-86.903214, 36.23163], [-86.903168, 36.231895], [-86.903143, 36.232086], [-86.90311, 36.232334], [-86.903033, 36.232589]]}}, {"type": "Feature", "properties": {"highway": "service", "osm_id": 851355580, "zone": "NORTH", "len_km": 0.034}, "geometry": {"type": "LineString", "coordinates": [[-86.953303, 36.234852], [-86.953334, 36.2349], [-86.953382, 36.235032], [-86.953389, 36.235151]]}}, {"type": "Feature", "properties": {"highway": "service", "osm_id": 851360932, "zone": "NORTH", "len_km": 0.061}, "geometry": {"type": "LineString", "coordinates": [[-86.885767, 36.236747], [-86.885864, 36.236675], [-86.885932, 36.236622], [-86.886011, 36.236562], [-86.886102, 36.236488], [-86.886148, 36.236454], [-86.886197, 36.236427], [-86.886227, 36.236415], [-86.886282, 36.2364]]}}, {"type": "Feature", "properties": {"highway": "service", "osm_id": 851365220, "zone": "NORTH", "len_km": 0.241}, "geometry": {"type": "LineString", "coordinates": [[-86.941516, 36.234559], [-86.941367, 36.234731], [-86.941194, 36.234893], [-86.940901, 36.235084], [-86.940729, 36.235298], [-86.940648, 36.235386], [-86.940534, 36.235449], [-86.940298, 36.235549], [-86.940106, 36.235616], [-86.939964, 36.235661], [-86.939822, 36.235686], [-86.939722, 36.235688], [-86.939627, 36.235698], [-86.939567, 36.235731], [-86.939514, 36.235773], [-86.939471, 36.235826]]}}, {"type": "Feature", "properties": {"highway": "service", "osm_id": 851375756, "zone": "PEN-N", "len_km": 0.049}, "geometry": {"type": "LineString", "coordinates": [[-86.930238, 36.180835], [-86.930096, 36.180744], [-86.92996, 36.18069], [-86.929886, 36.180689], [-86.92983, 36.180705], [-86.929777, 36.180752]]}}, {"type": "Feature", "properties": {"highway": "service", "osm_id": 851385647, "zone": "PEN-N", "len_km": 0.058}, "geometry": {"type": "LineString", "coordinates": [[-86.922436, 36.181068], [-86.922329, 36.180954], [-86.92214, 36.180715], [-86.922053, 36.180646]]}}, {"type": "Feature", "properties": {"highway": "service", "osm_id": 870742474, "zone": "NORTH", "len_km": 0.268}, "geometry": {"type": "LineString", "coordinates": [[-86.925562, 36.220488], [-86.925535, 36.22059], [-86.925496, 36.220718], [-86.925499, 36.220754], [-86.925507, 36.220832], [-86.925554, 36.2209], [-86.925619, 36.220972], [-86.925713, 36.221076], [-86.925725, 36.221138], [-86.925731, 36.221265], [-86.925702, 36.221334], [-86.925718, 36.221428], [-86.92578, 36.22153], [-86.925861, 36.221613], [-86.926034, 36.221732], [-86.926169, 36.221823], [-86.926311, 36.221929], [-86.92643, 36.222032], [-86.926505, 36.222123], [-86.926579, 36.222234], [-86.926579, 36.222284], [-86.926538, 36.222319], [-86.926474, 36.222354], [-86.926365, 36.222392], [-86.926274, 36.222404]]}}, {"type": "Feature", "properties": {"highway": "service", "osm_id": 877525716, "zone": "PEN-N", "len_km": 0.074}, "geometry": {"type": "LineString", "coordinates": [[-86.930727, 36.178389], [-86.930795, 36.178394], [-86.930879, 36.178423], [-86.930935, 36.178469], [-86.930976, 36.178535], [-86.930995, 36.178578], [-86.931033, 36.178658], [-86.931098, 36.178699], [-86.931194, 36.17872], [-86.931338, 36.178736]]}}, {"type": "Feature", "properties": {"highway": "service", "osm_id": 894101294, "zone": "PEN-N", "len_km": 0.18}, "geometry": {"type": "LineString", "coordinates": [[-86.927254, 36.20176], [-86.927125, 36.201771], [-86.927054, 36.201786], [-86.927004, 36.201826], [-86.926937, 36.201907], [-86.926736, 36.202142], [-86.926656, 36.202209], [-86.926586, 36.202253], [-86.926516, 36.202283], [-86.926459, 36.202292], [-86.926413, 36.202293], [-86.926336, 36.20227], [-86.926244, 36.20222], [-86.926147, 36.202154], [-86.926104, 36.202094], [-86.926082, 36.202017], [-86.926068, 36.201815], [-86.926063, 36.201721]]}}, {"type": "Feature", "properties": {"highway": "service", "osm_id": 913124589, "zone": "NORTH", "len_km": 0.061}, "geometry": {"type": "LineString", "coordinates": [[-86.912683, 36.224229], [-86.912629, 36.224124], [-86.912582, 36.22405], [-86.912533, 36.224015], [-86.912469, 36.223983], [-86.912379, 36.223974], [-86.912175, 36.223993]]}}, {"type": "Feature", "properties": {"highway": "service", "osm_id": 913424448, "zone": "NORTH", "len_km": 0.008}, "geometry": {"type": "LineString", "coordinates": [[-86.909527, 36.231687], [-86.909449, 36.231656]]}}, {"type": "Feature", "properties": {"highway": "service", "osm_id": 913424449, "zone": "NORTH", "len_km": 0.132}, "geometry": {"type": "LineString", "coordinates": [[-86.909363, 36.231618], [-86.909304, 36.231593], [-86.909247, 36.231569], [-86.908807, 36.231388], [-86.908636, 36.231319], [-86.908514, 36.231291], [-86.90838, 36.231307], [-86.908309, 36.231366], [-86.908242, 36.231499], [-86.908219, 36.23154], [-86.908197, 36.231582]]}}, {"type": "Feature", "properties": {"highway": "service", "bridge": "yes", "osm_id": 913424450, "zone": "NORTH", "len_km": 0.009}, "geometry": {"type": "LineString", "coordinates": [[-86.909449, 36.231656], [-86.909363, 36.231618]]}}, {"type": "Feature", "properties": {"highway": "service", "osm_id": 913441704, "zone": "NORTH", "len_km": 0.079}, "geometry": {"type": "LineString", "coordinates": [[-86.932688, 36.208216], [-86.932666, 36.208264], [-86.932601, 36.208302], [-86.932467, 36.208343], [-86.932393, 36.208388], [-86.932356, 36.208453], [-86.932368, 36.208515], [-86.932423, 36.208632], [-86.932506, 36.208762]]}}, {"type": "Feature", "properties": {"highway": "service", "osm_id": 913444959, "zone": "PEN-N", "len_km": 0.079}, "geometry": {"type": "LineString", "coordinates": [[-86.926646, 36.198971], [-86.926531, 36.19901], [-86.926361, 36.199062], [-86.92627, 36.199061], [-86.926221, 36.199029], [-86.926198, 36.19896], [-86.926102, 36.1987]]}}, {"type": "Feature", "properties": {"highway": "service", "osm_id": 913472688, "zone": "NORTH", "len_km": 0.05}, "geometry": {"type": "LineString", "coordinates": [[-86.925499, 36.220754], [-86.925628, 36.220788], [-86.925725, 36.220797], [-86.925794, 36.220797], [-86.925881, 36.220788], [-86.925947, 36.220772], [-86.926024, 36.220724]]}}, {"type": "Feature", "properties": {"highway": "service", "osm_id": 913482168, "zone": "PEN-S", "len_km": 0.07}, "geometry": {"type": "LineString", "coordinates": [[-86.901444, 36.150804], [-86.901336, 36.150829], [-86.901221, 36.150803], [-86.901139, 36.150744], [-86.901098, 36.150661], [-86.901119, 36.150625], [-86.901184, 36.150615], [-86.9014, 36.150612]]}}, {"type": "Feature", "properties": {"highway": "service", "osm_id": 913482169, "zone": "PEN-S", "len_km": 0.047}, "geometry": {"type": "LineString", "coordinates": [[-86.901119, 36.150625], [-86.901019, 36.150627], [-86.900822, 36.150646], [-86.900604, 36.150701]]}}, {"type": "Feature", "properties": {"highway": "service", "osm_id": 918639785, "zone": "PEN-C", "len_km": 0.185}, "geometry": {"type": "LineString", "coordinates": [[-86.932738, 36.171658], [-86.932629, 36.171649], [-86.932505, 36.171653], [-86.93225, 36.171674], [-86.932125, 36.171678], [-86.931977, 36.171686], [-86.931871, 36.171678], [-86.931825, 36.171651], [-86.931805, 36.171589], [-86.9318, 36.17152], [-86.931821, 36.171459], [-86.931902, 36.171427], [-86.932004, 36.171398], [-86.93217, 36.171392], [-86.932331, 36.171378], [-86.932471, 36.171373], [-86.932617, 36.171384], [-86.932701, 36.171393]]}}, {"type": "Feature", "properties": {"highway": "service", "osm_id": 941181814, "zone": "PEN-S", "len_km": 0.081}, "geometry": {"type": "LineString", "coordinates": [[-86.909988, 36.142503], [-86.909998, 36.142701], [-86.909975, 36.142778], [-86.909938, 36.142805], [-86.909857, 36.14283], [-86.909751, 36.142815], [-86.90967, 36.142751], [-86.909578, 36.142608]]}}, {"type": "Feature", "properties": {"highway": "service", "osm_id": 941390451, "zone": "PEN-N", "len_km": 0.094}, "geometry": {"type": "LineString", "coordinates": [[-86.927035, 36.191844], [-86.926973, 36.191765], [-86.926955, 36.191708], [-86.926989, 36.191597], [-86.927018, 36.191516], [-86.927014, 36.19144], [-86.926993, 36.191358], [-86.926936, 36.191245], [-86.926807, 36.19106]]}}, {"type": "Feature", "properties": {"highway": "service", "osm_id": 942202879, "zone": "PEN-S", "len_km": 0.123}, "geometry": {"type": "LineString", "coordinates": [[-86.921044, 36.154445], [-86.921048, 36.154505], [-86.921066, 36.154541], [-86.921076, 36.15456], [-86.921124, 36.154604], [-86.921189, 36.154634], [-86.921259, 36.154644], [-86.921329, 36.154636], [-86.921393, 36.15461], [-86.921443, 36.154569], [-86.921474, 36.154518], [-86.921483, 36.154461], [-86.92147, 36.154404], [-86.921435, 36.154354], [-86.921381, 36.154316], [-86.921312, 36.154294], [-86.92124, 36.154294], [-86.92117, 36.154312], [-86.921111, 36.15434], [-86.921065, 36.154388], [-86.921044, 36.154445]]}}, {"type": "Feature", "properties": {"highway": "service", "osm_id": 942224567, "zone": "NORTH", "len_km": 0.061}, "geometry": {"type": "LineString", "coordinates": [[-86.925944, 36.206688], [-86.925904, 36.206646], [-86.925859, 36.206609], [-86.925761, 36.206555], [-86.925676, 36.206504], [-86.925614, 36.20645], [-86.925573, 36.206402], [-86.925545, 36.206356], [-86.92554, 36.206319], [-86.925552, 36.206274]]}}, {"type": "Feature", "properties": {"highway": "service", "osm_id": 944083124, "zone": "NORTH", "len_km": 0.296}, "geometry": {"type": "LineString", "coordinates": [[-86.898489, 36.213485], [-86.898635, 36.213555], [-86.898697, 36.213594], [-86.898754, 36.213624], [-86.89904, 36.213678], [-86.899279, 36.213709], [-86.899541, 36.213751], [-86.899839, 36.213782], [-86.90003, 36.213797], [-86.90037, 36.213832], [-86.900564, 36.213858], [-86.900711, 36.2139], [-86.900773, 36.213965], [-86.900828, 36.214078], [-86.900838, 36.214201], [-86.90081, 36.21432], [-86.900715, 36.214473], [-86.90064, 36.214549], [-86.900528, 36.214553]]}}, {"type": "Feature", "properties": {"highway": "service", "osm_id": 944083246, "zone": "PEN-N", "len_km": 0.084}, "geometry": {"type": "LineString", "coordinates": [[-86.930018, 36.176192], [-86.930091, 36.176285], [-86.930149, 36.176327], [-86.930173, 36.176381], [-86.930171, 36.17646], [-86.930145, 36.176517], [-86.93007, 36.176563], [-86.929913, 36.176648], [-86.929867, 36.176694], [-86.929779, 36.176756]]}}, {"type": "Feature", "properties": {"highway": "service", "osm_id": 944323871, "zone": "PEN-N", "len_km": 0.076}, "geometry": {"type": "LineString", "coordinates": [[-86.929112, 36.185205], [-86.929955, 36.185252]]}}, {"type": "Feature", "properties": {"highway": "service", "osm_id": 944606156, "zone": "NORTH", "len_km": 0.037}, "geometry": {"type": "LineString", "coordinates": [[-86.930615, 36.216095], [-86.930798, 36.21621], [-86.930816, 36.216234], [-86.930873, 36.216341]]}}, {"type": "Feature", "properties": {"highway": "service", "osm_id": 944985878, "zone": "NORTH", "len_km": 0.259}, "geometry": {"type": "LineString", "coordinates": [[-86.886136, 36.228427], [-86.886185, 36.228442], [-86.886263, 36.22848], [-86.886362, 36.228556], [-86.886447, 36.228637], [-86.886538, 36.228736], [-86.886615, 36.22881], [-86.886752, 36.228895], [-86.886906, 36.228966], [-86.887019, 36.229007], [-86.887132, 36.229035], [-86.887238, 36.229051], [-86.887462, 36.229082], [-86.887837, 36.229158], [-86.888137, 36.229224], [-86.888401, 36.229289], [-86.888491, 36.229325], [-86.888534, 36.229352], [-86.888565, 36.229392], [-86.888611, 36.229463]]}}, {"type": "Feature", "properties": {"highway": "service", "osm_id": 944986854, "zone": "NORTH", "len_km": 0.048}, "geometry": {"type": "LineString", "coordinates": [[-86.911897, 36.228288], [-86.911786, 36.228254], [-86.911736, 36.228239], [-86.911611, 36.228204], [-86.91154, 36.228211], [-86.911446, 36.22824], [-86.911388, 36.228262]]}}, {"type": "Feature", "properties": {"highway": "service", "osm_id": 946219185, "zone": "PEN-C", "len_km": 0.147}, "geometry": {"type": "LineString", "coordinates": [[-86.925735, 36.156238], [-86.925748, 36.156234], [-86.925757, 36.156232], [-86.925805, 36.156226], [-86.925876, 36.156218], [-86.925906, 36.156215], [-86.92626, 36.156197], [-86.926339, 36.156196], [-86.92637, 36.156206], [-86.926399, 36.156222], [-86.926422, 36.156245], [-86.926438, 36.156267], [-86.926445, 36.156289], [-86.926447, 36.156299], [-86.926449, 36.156318], [-86.926447, 36.156344], [-86.926435, 36.156367], [-86.926411, 36.156388], [-86.926378, 36.1564], [-86.926349, 36.156406], [-86.926288, 36.156411], [-86.926009, 36.156422], [-86.925966, 36.156418], [-86.925935, 36.15641], [-86.925916, 36.1564], [-86.925902, 36.156385], [-86.925894, 36.156367], [-86.925889, 36.156342], [-86.925876, 36.156218]]}}, {"type": "Feature", "properties": {"highway": "service", "osm_id": 968424369, "zone": "NORTH", "len_km": 0.111}, "geometry": {"type": "LineString", "coordinates": [[-86.929028, 36.217127], [-86.928978, 36.216958], [-86.928997, 36.21682], [-86.929095, 36.216622], [-86.929162, 36.216489], [-86.929205, 36.216358], [-86.929334, 36.216195]]}}, {"type": "Feature", "properties": {"highway": "service", "osm_id": 984249272, "zone": "NORTH", "len_km": 0.097}, "geometry": {"type": "LineString", "coordinates": [[-86.919917, 36.211503], [-86.919905, 36.211356], [-86.919888, 36.21132], [-86.919823, 36.211277], [-86.919729, 36.211241], [-86.919465, 36.211233], [-86.919415, 36.211235], [-86.919383, 36.21127], [-86.919369, 36.211322], [-86.919372, 36.211511]]}}, {"type": "Feature", "properties": {"highway": "service", "osm_id": 984249273, "zone": "NORTH", "len_km": 0.051}, "geometry": {"type": "LineString", "coordinates": [[-86.920492, 36.212108], [-86.919962, 36.211937]]}}, {"type": "Feature", "properties": {"highway": "service", "osm_id": 984249274, "zone": "NORTH", "len_km": 0.074}, "geometry": {"type": "LineString", "coordinates": [[-86.919483, 36.211509], [-86.919472, 36.211749], [-86.919268, 36.21214]]}}, {"type": "Feature", "properties": {"name": "Ashland City Highway", "highway": "primary", "ref": "TN 12", "osm_id": 1051640579, "zone": "NORTH", "len_km": 1.985}, "geometry": {"type": "LineString", "coordinates": [[-86.942396, 36.205295], [-86.941914, 36.205424], [-86.941378, 36.205585], [-86.94007, 36.206043], [-86.939185, 36.20636], [-86.938304, 36.206674], [-86.93668, 36.207261], [-86.936259, 36.207411], [-86.935847, 36.207561], [-86.935003, 36.207864], [-86.933509, 36.208402], [-86.932506, 36.208762], [-86.932361, 36.208814], [-86.931723, 36.209043], [-86.930947, 36.209321], [-86.930108, 36.209621], [-86.929626, 36.209794], [-86.929552, 36.20982], [-86.928382, 36.21024], [-86.927812, 36.210444], [-86.927385, 36.210597], [-86.927082, 36.210706], [-86.926446, 36.210934], [-86.926261, 36.210994], [-86.92596, 36.211094], [-86.925943, 36.211099], [-86.925339, 36.211254], [-86.925024, 36.21131], [-86.924718, 36.211364], [-86.924137, 36.211408], [-86.923588, 36.211448], [-86.922943, 36.211458], [-86.922391, 36.211466], [-86.921787, 36.211475]]}}, {"type": "Feature", "properties": {"name": "Old Hickory Boulevard", "highway": "tertiary", "osm_id": 1051640580, "zone": "NORTH", "len_km": 3.376}, "geometry": {"type": "LineString", "coordinates": [[-86.921004, 36.211486], [-86.920782, 36.211997], [-86.920752, 36.212068], [-86.920644, 36.212261], [-86.920439, 36.212627], [-86.920434, 36.212636], [-86.920429, 36.212645], [-86.920157, 36.213097], [-86.919689, 36.213878], [-86.919588, 36.214047], [-86.919371, 36.214407], [-86.919359, 36.214426], [-86.918406, 36.215994], [-86.918167, 36.216392], [-86.917652, 36.21724], [-86.917139, 36.218098], [-86.917029, 36.218308], [-86.916913, 36.218553], [-86.916786, 36.218874], [-86.916778, 36.218896], [-86.91671, 36.219101], [-86.916288, 36.220331], [-86.916235, 36.220448], [-86.916205, 36.220514], [-86.916197, 36.22053], [-86.916034, 36.220889], [-86.915834, 36.221328], [-86.915509, 36.222042], [-86.914432, 36.224407], [-86.914239, 36.224829], [-86.914138, 36.22505], [-86.914065, 36.225211], [-86.913972, 36.225347], [-86.913842, 36.225538], [-86.911897, 36.228288], [-86.910694, 36.229989], [-86.910519, 36.230253], [-86.910473, 36.230319], [-86.909719, 36.23141], [-86.909595, 36.231589], [-86.909527, 36.231687], [-86.909361, 36.231928], [-86.908676, 36.233095], [-86.908645, 36.23315], [-86.90838, 36.233741], [-86.907931, 36.234808], [-86.907219, 36.236459], [-86.906915, 36.237099], [-86.906799, 36.237314], [-86.906281, 36.238207], [-86.905784, 36.23909], [-86.905751, 36.239132], [-86.90571, 36.239184]]}}, {"type": "Feature", "properties": {"highway": "service", "osm_id": 1149796773, "zone": "NORTH", "len_km": 0.052}, "geometry": {"type": "LineString", "coordinates": [[-86.923715, 36.209683], [-86.923663, 36.209774], [-86.923549, 36.21013]]}}, {"type": "Feature", "properties": {"highway": "service", "osm_id": 1149796774, "zone": "NORTH", "len_km": 0.028}, "geometry": {"type": "LineString", "coordinates": [[-86.923633, 36.209456], [-86.923437, 36.20948], [-86.923325, 36.209487]]}}, {"type": "Feature", "properties": {"highway": "service", "osm_id": 1197553270, "zone": "NORTH", "len_km": 0.055}, "geometry": {"type": "LineString", "coordinates": [[-86.954111, 36.234389], [-86.95383, 36.233944]]}}, {"type": "Feature", "properties": {"highway": "service", "bridge": "yes", "osm_id": 1197553271, "zone": "NORTH", "len_km": 0.022}, "geometry": {"type": "LineString", "coordinates": [[-86.95383, 36.233944], [-86.953802, 36.233905], [-86.953707, 36.233772]]}}, {"type": "Feature", "properties": {"name": "Pine Valley Road", "highway": "residential", "osm_id": 1197553272, "zone": "NORTH", "len_km": 0.072}, "geometry": {"type": "LineString", "coordinates": [[-86.955174, 36.233824], [-86.954846, 36.233235]]}}, {"type": "Feature", "properties": {"name": "Pine Valley Road", "highway": "residential", "bridge": "yes", "osm_id": 1197553273, "zone": "NORTH", "len_km": 0.018}, "geometry": {"type": "LineString", "coordinates": [[-86.954846, 36.233235], [-86.954782, 36.233084]]}}, {"type": "Feature", "properties": {"highway": "service", "osm_id": 1202809609, "zone": "NORTH", "len_km": 0.513}, "geometry": {"type": "LineString", "coordinates": [[-86.896278, 36.232938], [-86.896278, 36.233058], [-86.896311, 36.233112], [-86.896429, 36.233184], [-86.896552, 36.233303], [-86.896723, 36.233614], [-86.89688, 36.233919], [-86.89694, 36.233982], [-86.897109, 36.234172], [-86.897253, 36.234372], [-86.897293, 36.234529], [-86.897296, 36.234868], [-86.897278, 36.235178], [-86.89729, 36.235347], [-86.89732, 36.235459], [-86.897346, 36.235568], [-86.897343, 36.23568], [-86.897286, 36.235817], [-86.897228, 36.235993], [-86.897166, 36.236074], [-86.897078, 36.236144], [-86.896988, 36.236199], [-86.896859, 36.236216], [-86.89673, 36.236188], [-86.896401, 36.236081], [-86.896148, 36.236028], [-86.895769, 36.235984]]}}, {"type": "Feature", "properties": {"highway": "service", "osm_id": 1238184306, "zone": "NORTH", "len_km": 0.377}, "geometry": {"type": "LineString", "coordinates": [[-86.89224, 36.211796], [-86.892267, 36.211447], [-86.892171, 36.211022], [-86.892015, 36.210676], [-86.891666, 36.210568], [-86.890889, 36.210399], [-86.889295, 36.210243]]}}, {"type": "Feature", "properties": {"highway": "service", "osm_id": 1238492823, "zone": "PEN-N", "len_km": 0.057}, "geometry": {"type": "LineString", "coordinates": [[-86.932277, 36.179201], [-86.932601, 36.179193], [-86.932862, 36.179328]]}}, {"type": "Feature", "properties": {"name": "Cleeces Rerry Road", "highway": "residential", "osm_id": 1238492824, "zone": "PEN-N", "len_km": 0.169}, "geometry": {"type": "LineString", "coordinates": [[-86.931991, 36.17956], [-86.93184, 36.179803], [-86.931611, 36.180193], [-86.931546, 36.180362], [-86.931494, 36.180476], [-86.931239, 36.18079], [-86.931083, 36.180868]]}}, {"type": "Feature", "properties": {"highway": "service", "osm_id": 1238492825, "zone": "PEN-N", "len_km": 0.726}, "geometry": {"type": "LineString", "coordinates": [[-86.934493, 36.179232], [-86.934881, 36.179749], [-86.935641, 36.180973], [-86.9358, 36.181163], [-86.936222, 36.181455], [-86.936681, 36.181761], [-86.936966, 36.182024], [-86.937186, 36.182277], [-86.937342, 36.182524], [-86.937502, 36.182916], [-86.937663, 36.183341], [-86.937878, 36.183684], [-86.93817, 36.184018], [-86.938376, 36.184169], [-86.938607, 36.184261], [-86.93879, 36.184342], [-86.938845, 36.184423], [-86.938849, 36.184557]]}}, {"type": "Feature", "properties": {"highway": "service", "osm_id": 1238492826, "zone": "PEN-N", "len_km": 0.935}, "geometry": {"type": "LineString", "coordinates": [[-86.934927, 36.184219], [-86.934863, 36.18467], [-86.934838, 36.185366], [-86.934842, 36.186429], [-86.934968, 36.187545], [-86.935249, 36.188667], [-86.935505, 36.189772], [-86.935574, 36.189864], [-86.935708, 36.189904], [-86.935895, 36.189917], [-86.936468, 36.189874], [-86.937391, 36.189979], [-86.938123, 36.190038], [-86.938623, 36.190035], [-86.938912, 36.190005]]}}, {"type": "Feature", "properties": {"highway": "service", "osm_id": 1238492832, "zone": "PEN-N", "len_km": 0.091}, "geometry": {"type": "LineString", "coordinates": [[-86.937459, 36.192865], [-86.937584, 36.192793], [-86.937745, 36.192752], [-86.937925, 36.192712], [-86.938091, 36.19271], [-86.938429, 36.192765]]}}, {"type": "Feature", "properties": {"highway": "service", "osm_id": 1275357261, "zone": "PEN-S", "len_km": 0.091}, "geometry": {"type": "LineString", "coordinates": [[-86.921066, 36.154541], [-86.920986, 36.154577], [-86.920927, 36.154636], [-86.921043, 36.154717], [-86.92111, 36.15474], [-86.921196, 36.154768], [-86.921406, 36.154745], [-86.921524, 36.154681], [-86.921443, 36.154569]]}}, {"type": "Feature", "properties": {"highway": "service", "osm_id": 1280968752, "zone": "NORTH", "len_km": 0.569}, "geometry": {"type": "LineString", "coordinates": [[-86.94859, 36.207177], [-86.948522, 36.207227], [-86.948432, 36.20733], [-86.94839, 36.207442], [-86.948368, 36.207583], [-86.94835, 36.207692], [-86.948295, 36.207774], [-86.948202, 36.207833], [-86.948048, 36.207858], [-86.947723, 36.207868], [-86.947464, 36.207873], [-86.947255, 36.2079], [-86.94713, 36.207923], [-86.947033, 36.207939], [-86.9469, 36.207943], [-86.946769, 36.207936], [-86.946652, 36.20794], [-86.946495, 36.20795], [-86.946414, 36.20798], [-86.946246, 36.208053], [-86.946113, 36.208179], [-86.945987, 36.208275], [-86.945853, 36.208379], [-86.945651, 36.208477], [-86.945472, 36.208587], [-86.945341, 36.208721], [-86.945295, 36.208829], [-86.945297, 36.208903], [-86.945298, 36.208927], [-86.945332, 36.208997], [-86.945495, 36.209155], [-86.945773, 36.209458], [-86.945825, 36.209475], [-86.945979, 36.20937], [-86.94605, 36.209317], [-86.946056, 36.209283], [-86.946001, 36.209198], [-86.94597, 36.209151], [-86.946013, 36.209122], [-86.946036, 36.20908], [-86.946025, 36.20904], [-86.945994, 36.209017], [-86.945953, 36.209014], [-86.945908, 36.209025], [-86.945876, 36.209063], [-86.945876, 36.209106], [-86.945911, 36.209137], [-86.94597, 36.209151]]}}, {"type": "Feature", "properties": {"highway": "service", "osm_id": 1280968758, "zone": "NORTH", "len_km": 0.416}, "geometry": {"type": "LineString", "coordinates": [[-86.945297, 36.208903], [-86.945255, 36.208953], [-86.945207, 36.208996], [-86.944871, 36.2092], [-86.944462, 36.209477], [-86.944237, 36.209627], [-86.944108, 36.20971], [-86.943981, 36.209774], [-86.943823, 36.209828], [-86.943723, 36.209857], [-86.943625, 36.209847], [-86.94356, 36.209817], [-86.943475, 36.209758], [-86.943392, 36.209624], [-86.943156, 36.209253], [-86.943112, 36.209151], [-86.943096, 36.209096], [-86.943119, 36.209034], [-86.943183, 36.208957], [-86.94337, 36.208789], [-86.943694, 36.20855], [-86.943813, 36.208439], [-86.943908, 36.208342], [-86.943913, 36.20831], [-86.943891, 36.20827], [-86.9438, 36.208198]]}}, {"type": "Feature", "properties": {"name": "Tidwell Hollow Road", "highway": "residential", "osm_id": 1350752778, "zone": "PEN-N", "len_km": 1.079}, "geometry": {"type": "LineString", "coordinates": [[-86.918137, 36.183747], [-86.918088, 36.183786], [-86.918013, 36.183828], [-86.917953, 36.183849], [-86.917906, 36.183856], [-86.917791, 36.183864], [-86.917739, 36.183871], [-86.917692, 36.183887], [-86.917641, 36.183916], [-86.917556, 36.18398], [-86.917005, 36.1844], [-86.916942, 36.184463], [-86.916893, 36.184527], [-86.916857, 36.184589], [-86.916818, 36.184681], [-86.916668, 36.185084], [-86.916611, 36.185254], [-86.916571, 36.18541], [-86.916558, 36.185527], [-86.916561, 36.1856], [-86.916568, 36.185669], [-86.916585, 36.185764], [-86.916832, 36.186642], [-86.916995, 36.187136], [-86.917082, 36.187388], [-86.917486, 36.188727], [-86.917487, 36.188775], [-86.917476, 36.188822], [-86.917439, 36.188878], [-86.917395, 36.188921], [-86.917228, 36.189045], [-86.917104, 36.189147], [-86.917039, 36.18921], [-86.916987, 36.189266], [-86.916941, 36.18933], [-86.9169, 36.189406], [-86.916834, 36.189566], [-86.916488, 36.190331], [-86.916467, 36.190401], [-86.916455, 36.190468], [-86.916452, 36.190535], [-86.916464, 36.190617], [-86.916516, 36.190915], [-86.916529, 36.191021], [-86.916534, 36.191111], [-86.916535, 36.191447], [-86.916518, 36.191673], [-86.916479, 36.191923], [-86.91646, 36.191967], [-86.916437, 36.192003], [-86.916389, 36.19205], [-86.916321, 36.192096], [-86.916207, 36.192161], [-86.916051, 36.192235], [-86.915869, 36.192319]]}}, {"type": "Feature", "properties": {"name": "Ashland City Highway", "highway": "primary", "ref": "TN 12", "lanes": "6", "osm_id": 1369118676, "zone": "NORTH", "len_km": 0.07}, "geometry": {"type": "LineString", "coordinates": [[-86.921787, 36.211475], [-86.921004, 36.211486]]}}, {"type": "Feature", "properties": {"highway": "service", "osm_id": 1393528945, "zone": "PEN-N", "len_km": 0.466}, "geometry": {"type": "LineString", "coordinates": [[-86.927374, 36.204375], [-86.927257, 36.204375], [-86.927195, 36.204417], [-86.927198, 36.204511], [-86.927111, 36.20528], [-86.927031, 36.205494], [-86.926801, 36.205894], [-86.926592, 36.206079], [-86.92648, 36.206137], [-86.92629, 36.206134], [-86.926131, 36.206088], [-86.925988, 36.205959], [-86.925834, 36.205827], [-86.925773, 36.205692], [-86.925632, 36.205503], [-86.925577, 36.205388], [-86.925607, 36.205314], [-86.925776, 36.205248], [-86.926014, 36.205232], [-86.926131, 36.205174], [-86.926166, 36.205103], [-86.926175, 36.204694]]}}, {"type": "Feature", "properties": {"name": "Ashland City Highway", "highway": "residential", "osm_id": 1494315453, "zone": "NORTH", "len_km": 0.007}, "geometry": {"type": "LineString", "coordinates": [[-86.898396, 36.210689], [-86.898344, 36.210736]]}}, {"type": "Feature", "properties": {"name": "Ashland City Highway", "highway": "residential", "osm_id": 1494315454, "zone": "NORTH", "len_km": 0.015}, "geometry": {"type": "LineString", "coordinates": [[-86.898344, 36.210736], [-86.898302, 36.210865]]}}, {"type": "Feature", "properties": {"highway": "service", "osm_id": 1545453067, "zone": "NORTH", "len_km": 0.492}, "geometry": {"type": "LineString", "coordinates": [[-86.946002, 36.23214], [-86.945882, 36.232185], [-86.945723, 36.232266], [-86.945512, 36.232367], [-86.945065, 36.232588], [-86.944895, 36.23267], [-86.944764, 36.232773], [-86.94468, 36.232853], [-86.944601, 36.232954], [-86.944539, 36.233069], [-86.944436, 36.233187], [-86.944284, 36.233285], [-86.944052, 36.233417], [-86.943776, 36.233537], [-86.943297, 36.233767], [-86.942897, 36.233932], [-86.942785, 36.233989], [-86.942558, 36.234145], [-86.942418, 36.234194], [-86.942007, 36.234337], [-86.941823, 36.234375], [-86.941683, 36.234426], [-86.941516, 36.234559]]}}, {"type": "Feature", "properties": {"highway": "service", "osm_id": 1559239660, "zone": "NORTH", "len_km": 0.247}, "geometry": {"type": "LineString", "coordinates": [[-86.885196, 36.208122], [-86.885627, 36.208117], [-86.886201, 36.20811], [-86.886725, 36.208076], [-86.887035, 36.208091], [-86.88728, 36.208181], [-86.887805, 36.208485]]}}, {"type": "Feature", "properties": {"highway": "service", "osm_id": 1559239663, "zone": "NORTH", "len_km": 0.043}, "geometry": {"type": "LineString", "coordinates": [[-86.885663, 36.209133], [-86.88577, 36.208756]]}}, {"type": "Feature", "properties": {"highway": "service", "osm_id": 1559239664, "zone": "NORTH", "len_km": 0.246}, "geometry": {"type": "LineString", "coordinates": [[-86.886725, 36.208076], [-86.886964, 36.207698], [-86.886079, 36.207246], [-86.885627, 36.208117]]}}, {"type": "Feature", "properties": {"highway": "service", "osm_id": 1559239665, "zone": "NORTH", "len_km": 0.063}, "geometry": {"type": "LineString", "coordinates": [[-86.885196, 36.208122], [-86.885176, 36.207746], [-86.885122, 36.207665], [-86.885036, 36.207598]]}}, {"type": "Feature", "properties": {"highway": "service", "osm_id": 1559239669, "zone": "NORTH", "len_km": 0.25}, "geometry": {"type": "LineString", "coordinates": [[-86.88728, 36.208181], [-86.887658, 36.207661], [-86.887193, 36.207383], [-86.886441, 36.206932], [-86.886079, 36.207246]]}}, {"type": "Feature", "properties": {"highway": "service", "osm_id": 1559239670, "zone": "NORTH", "len_km": 0.041}, "geometry": {"type": "LineString", "coordinates": [[-86.886964, 36.207698], [-86.887193, 36.207383]]}}, {"type": "Feature", "properties": {"highway": "service", "osm_id": 1559239671, "zone": "NORTH", "len_km": 0.129}, "geometry": {"type": "LineString", "coordinates": [[-86.88728, 36.208181], [-86.887118, 36.208431], [-86.886858, 36.208728], [-86.886709, 36.208893], [-86.886613, 36.209197]]}}]}