lineZ,case,index,x,valid,validity,maxZ,stopper,faceAhead,travel,clampSnaps,peakSpeed
1986.7,Walk,0,-1307.7,False,"-",1946.98,"terrain slope (56 deg)",42.0,5.3,0,5.00
1986.7,Walk,0,-1295.7,True,"barrier:NorthBarrier/Fence/BayCollider",1966.10,"BayCollider (NorthBarrier)",22.9,22.4,0,5.00
1986.7,Walk,1,-1269.7,True,"barrier:NorthBarrier/Fence/BayCollider",1966.10,"BayCollider (NorthBarrier)",24.9,24.4,0,5.00
1986.7,Walk,2,-1231.7,True,"barrier:NorthBarrier/Fence/BayCollider",1966.10,"BayCollider (NorthBarrier)",42.0,24.4,0,5.00
1986.7,Walk,3,-1194.7,True,"barrier:NorthBarrier/Fence/BayCollider",1966.10,"BayCollider (NorthBarrier)",24.9,24.4,0,5.00
1986.7,Walk,4,-1156.7,True,"barrier:NorthBarrier/Fence/BayCollider",1966.10,"BayCollider (NorthBarrier)",24.9,24.4,0,5.00
1986.7,Walk,5,-1118.7,True,"barrier:NorthBarrier/Fence/BayCollider",1966.10,"BayCollider (NorthBarrier)",24.9,24.4,0,5.00
1986.7,Walk,6,-1080.7,True,"barrier:NorthBarrier/Fence/BayCollider",1966.10,"BayCollider (NorthBarrier)",42.0,24.4,0,5.00
1986.7,Walk,7,-1043.7,True,"barrier:NorthBarrier/Fence/BayCollider",1966.10,"BayCollider (NorthBarrier)",42.0,24.4,0,5.00
1986.7,Walk,8,-1005.7,True,"barrier:NorthBarrier/Fence/BayCollider",1966.10,"BayCollider (NorthBarrier)",42.0,24.4,0,5.00
1986.7,Walk,9,-967.7,True,"barrier:NorthBarrier/Fence/BayCollider",1966.10,"BayCollider (NorthBarrier)",24.9,24.4,0,5.00
1986.7,Walk,10,-929.7,True,"barrier:NorthBarrier/Fence/BayCollider",1966.10,"BayCollider (NorthBarrier)",24.9,24.4,0,5.00
1986.7,Walk,11,-891.7,True,"barrier:NorthBarrier/Fence/BayCollider",1966.10,"BayCollider (NorthBarrier)",24.9,24.4,0,5.00
1986.7,Walk,12,-854.7,True,"barrier:NorthBarrier/Fence/BayCollider",1966.10,"BayCollider (NorthBarrier)",24.9,24.4,0,5.00
1986.7,Walk,13,-816.7,True,"barrier:NorthBarrier/Fence/BayCollider",1966.10,"BayCollider (NorthBarrier)",22.2,24.4,0,5.00
1986.7,Walk,14,-778.7,True,"barrier:NorthBarrier/Fence/BayCollider",1966.10,"BayCollider (NorthBarrier)",24.9,24.4,0,5.00
1986.7,Walk,15,-741.7,True,"barrier:NorthBarrier/Fence/BayCollider",1966.10,"BayCollider (NorthBarrier)",24.9,24.4,0,5.00
1986.7,Walk,16,-703.7,True,"barrier:NorthBarrier/Fence/BayCollider",1966.10,"BayCollider (NorthBarrier)",42.0,24.4,0,5.00
1986.7,Walk,17,-665.7,True,"barrier:NorthBarrier/Fence/BayCollider",1966.10,"BayCollider (NorthBarrier)",42.0,24.4,0,5.00
1986.7,Walk,18,-627.7,True,"barrier:NorthBarrier/Fence/BayCollider",1966.10,"BayCollider (NorthBarrier)",24.9,24.4,0,5.00
1986.7,Walk,19,-589.7,True,"barrier:NorthBarrier/Fence/BayCollider",1966.10,"BayCollider (NorthBarrier)",24.9,24.4,0,5.00
1986.7,Walk,20,-551.7,True,"barrier:NorthBarrier/Dressing/WreckedVehicle",1962.61,"WreckedVehicle (NorthBarrier)",42.0,20.9,0,5.00
1986.7,Walk,21,-514.7,True,"barrier:NorthBarrier/Fence/BayCollider",1966.10,"BayCollider (NorthBarrier)",42.0,24.4,0,5.00
1986.7,Walk,22,-476.7,True,"barrier:NorthBarrier/Fence/BayCollider",1966.10,"BayCollider (NorthBarrier)",24.9,24.4,0,5.00
1986.7,Walk,23,-438.7,True,"barrier:NorthBarrier/Fence/BayCollider",1966.10,"BayCollider (NorthBarrier)",24.9,24.4,0,5.00
1986.7,Walk,24,-400.7,True,"barrier:NorthBarrier/Fence/BayCollider",1966.10,"BayCollider (NorthBarrier)",24.9,24.4,0,5.00
1986.7,Walk,25,-363.7,True,"barrier:NorthBarrier/Fence/BayCollider",1966.10,"BayCollider (NorthBarrier)",24.9,24.4,0,5.00
1986.7,Walk,26,-325.7,True,"barrier:NorthBarrier/Fence/BayCollider",1966.10,"BayCollider (NorthBarrier)",24.9,24.4,0,5.00
1986.7,Walk,27,-287.7,True,"barrier:NorthBarrier/Fence/BayCollider",1966.10,"BayCollider (NorthBarrier)",24.9,24.4,0,5.00
1986.7,Walk,28,-249.7,True,"barrier:NorthBarrier/Dressing/ConcreteBlock",1963.47,"ConcreteBlock (NorthBarrier)",24.9,21.8,0,5.00
1986.7,Walk,29,-212.7,True,"barrier:NorthBarrier/Fence/BayCollider",1966.10,"BayCollider (NorthBarrier)",24.9,24.4,0,5.00
1986.7,Walk,30,-174.7,True,"barrier:NorthBarrier/Fence/BayCollider",1966.10,"BayCollider (NorthBarrier)",24.9,24.4,0,5.00
1986.7,Walk,31,-136.7,True,"barrier:NorthBarrier/Fence/BayCollider",1966.10,"BayCollider (NorthBarrier)",24.9,24.4,0,5.00
1986.7,Walk,32,-98.7,True,"barrier:NorthBarrier/Fence/BayCollider",1966.10,"BayCollider (NorthBarrier)",24.9,24.4,0,5.00
1986.7,Walk,33,-60.7,True,"barrier:NorthBarrier/Fence/BayCollider",1966.10,"BayCollider (NorthBarrier)",24.9,24.4,0,5.00
1986.7,Walk,34,-23.7,True,"barrier:NorthBarrier/Fence/BayCollider",1966.10,"BayCollider (NorthBarrier)",24.9,24.4,0,5.00
1986.7,Walk,35,14.3,True,"barrier:NorthBarrier/Fence/BayCollider",1966.10,"BayCollider (NorthBarrier)",24.9,24.4,0,5.00
1986.7,Walk,36,52.3,True,"barrier:NorthBarrier/Fence/BayCollider",1966.10,"BayCollider (NorthBarrier)",24.9,24.4,0,5.00
1986.7,Walk,37,90.3,True,"barrier:NorthBarrier/Fence/BayCollider",1966.10,"BayCollider (NorthBarrier)",24.9,24.4,0,5.00
1986.7,Walk,38,127.3,True,"barrier:NorthBarrier/Fence/BayCollider",1966.10,"BayCollider (NorthBarrier)",42.0,24.4,0,5.00
1986.7,Walk,39,165.3,True,"barrier:NorthBarrier/Fence/BayCollider",1966.10,"BayCollider (NorthBarrier)",24.9,24.4,0,5.00
1986.7,Walk,40,203.3,True,"barrier:NorthBarrier/Fence/BayCollider",1966.10,"BayCollider (NorthBarrier)",24.9,24.4,0,5.00
1986.7,Walk,41,241.3,True,"barrier:NorthBarrier/Fence/BayCollider",1966.10,"BayCollider (NorthBarrier)",24.9,24.4,0,5.00
1986.7,Walk,42,279.3,True,"barrier:NorthBarrier/Fence/BayCollider",1966.10,"BayCollider (NorthBarrier)",42.0,24.4,0,5.00
1986.7,Walk,43,316.3,True,"barrier:NorthBarrier/Fence/BayCollider",1966.10,"BayCollider (NorthBarrier)",24.9,24.4,0,5.00
1986.7,Walk,44,354.3,True,"barrier:NorthBarrier/Fence/BayCollider",1966.10,"BayCollider (NorthBarrier)",24.9,24.4,0,5.00
1986.7,Walk,45,392.3,True,"barrier:NorthBarrier/Fence/BayCollider",1966.10,"BayCollider (NorthBarrier)",42.0,24.4,0,5.00
1986.7,Walk,46,430.3,True,"barrier:NorthBarrier/Fence/BayCollider",1966.10,"BayCollider (NorthBarrier)",42.0,24.4,0,5.00
1986.7,Walk,47,467.3,True,"barrier:NorthBarrier/Fence/BayCollider",1966.10,"BayCollider (NorthBarrier)",24.9,24.4,0,5.00
1986.7,Walk,48,505.3,True,"barrier:NorthBarrier/Fence/BayCollider",1966.10,"BayCollider (NorthBarrier)",24.9,24.4,0,5.00
1986.7,Walk,49,543.3,False,"-",1962.97,"terrain slope (46 deg)",41.0,20.3,0,5.00
1986.7,Walk,49,545.3,True,"barrier:NorthBarrier/Fence/BayCollider",1966.12,"BayCollider (NorthBarrier)",37.0,19.4,0,5.00
1986.7,Sprint,0,-1307.7,False,"-",1946.99,"terrain slope (54 deg)",42.0,5.3,0,8.01
1986.7,Sprint,0,-1295.7,True,"barrier:NorthBarrier/Fence/BayCollider",1966.10,"BayCollider (NorthBarrier)",22.9,22.4,0,8.01
1986.7,Sprint,1,-1269.7,True,"barrier:NorthBarrier/Fence/BayCollider",1966.10,"BayCollider (NorthBarrier)",24.9,24.4,0,8.01
1986.7,Sprint,2,-1231.7,True,"barrier:NorthBarrier/Fence/BayCollider",1966.10,"BayCollider (NorthBarrier)",42.0,24.4,0,8.01
1986.7,Sprint,3,-1194.7,True,"barrier:NorthBarrier/Fence/BayCollider",1966.10,"BayCollider (NorthBarrier)",24.9,24.4,0,8.01
1986.7,Sprint,4,-1156.7,True,"barrier:NorthBarrier/Fence/BayCollider",1966.10,"BayCollider (NorthBarrier)",24.9,24.4,0,8.01
1986.7,Sprint,5,-1118.7,True,"barrier:NorthBarrier/Fence/BayCollider",1966.10,"BayCollider (NorthBarrier)",24.9,24.4,0,8.01
1986.7,Sprint,6,-1080.7,True,"barrier:NorthBarrier/Fence/BayCollider",1966.10,"BayCollider (NorthBarrier)",42.0,24.4,0,8.01
1986.7,Sprint,7,-1043.7,True,"barrier:NorthBarrier/Fence/BayCollider",1966.10,"BayCollider (NorthBarrier)",42.0,24.4,0,8.01
1986.7,Sprint,8,-1005.7,True,"barrier:NorthBarrier/Fence/BayCollider",1966.10,"BayCollider (NorthBarrier)",42.0,24.4,0,8.01
1986.7,Sprint,9,-967.7,True,"barrier:NorthBarrier/Fence/BayCollider",1966.10,"BayCollider (NorthBarrier)",24.9,24.4,0,8.01
1986.7,Sprint,10,-929.7,True,"barrier:NorthBarrier/Fence/BayCollider",1966.10,"BayCollider (NorthBarrier)",24.9,24.4,0,8.01
1986.7,Sprint,11,-891.7,True,"barrier:NorthBarrier/Fence/BayCollider",1966.10,"BayCollider (NorthBarrier)",24.9,24.4,0,8.01
1986.7,Sprint,12,-854.7,True,"barrier:NorthBarrier/Fence/BayCollider",1966.10,"BayCollider (NorthBarrier)",24.9,24.4,0,8.01
1986.7,Sprint,13,-816.7,True,"barrier:NorthBarrier/Fence/BayCollider",1966.10,"BayCollider (NorthBarrier)",22.2,24.4,0,8.01
1986.7,Sprint,14,-778.7,True,"barrier:NorthBarrier/Fence/BayCollider",1966.10,"BayCollider (NorthBarrier)",24.9,24.4,0,8.01
1986.7,Sprint,15,-741.7,True,"barrier:NorthBarrier/Fence/BayCollider",1966.10,"BayCollider (NorthBarrier)",24.9,24.4,0,8.01
1986.7,Sprint,16,-703.7,True,"barrier:NorthBarrier/Fence/BayCollider",1966.10,"BayCollider (NorthBarrier)",42.0,24.4,0,8.01
1986.7,Sprint,17,-665.7,True,"barrier:NorthBarrier/Fence/BayCollider",1966.10,"BayCollider (NorthBarrier)",42.0,24.4,0,8.01
1986.7,Sprint,18,-627.7,True,"barrier:NorthBarrier/Fence/BayCollider",1966.10,"BayCollider (NorthBarrier)",24.9,24.4,0,8.01
1986.7,Sprint,19,-589.7,True,"barrier:NorthBarrier/Fence/BayCollider",1966.10,"BayCollider (NorthBarrier)",24.9,24.4,0,8.01
1986.7,Sprint,20,-551.7,True,"barrier:NorthBarrier/Dressing/WreckedVehicle",1962.62,"WreckedVehicle (NorthBarrier)",42.0,20.9,0,8.01
1986.7,Sprint,21,-514.7,True,"barrier:NorthBarrier/Fence/BayCollider",1966.10,"BayCollider (NorthBarrier)",42.0,24.4,0,8.01
1986.7,Sprint,22,-476.7,True,"barrier:NorthBarrier/Fence/BayCollider",1966.10,"BayCollider (NorthBarrier)",24.9,24.4,0,8.01
1986.7,Sprint,23,-438.7,True,"barrier:NorthBarrier/Fence/BayCollider",1966.10,"BayCollider (NorthBarrier)",24.9,24.4,0,8.01
1986.7,Sprint,24,-400.7,True,"barrier:NorthBarrier/Fence/BayCollider",1966.10,"BayCollider (NorthBarrier)",24.9,24.4,0,8.01
1986.7,Sprint,25,-363.7,True,"barrier:NorthBarrier/Fence/BayCollider",1966.10,"BayCollider (NorthBarrier)",24.9,24.4,0,8.01
1986.7,Sprint,26,-325.7,True,"barrier:NorthBarrier/Fence/BayCollider",1966.10,"BayCollider (NorthBarrier)",24.9,24.4,0,8.01
1986.7,Sprint,27,-287.7,True,"barrier:NorthBarrier/Fence/BayCollider",1966.10,"BayCollider (NorthBarrier)",24.9,24.4,0,8.01
1986.7,Sprint,28,-249.7,True,"barrier:NorthBarrier/Dressing/ConcreteBlock",1963.47,"ConcreteBlock (NorthBarrier)",24.9,21.8,0,8.01
1986.7,Sprint,29,-212.7,True,"barrier:NorthBarrier/Fence/BayCollider",1966.10,"BayCollider (NorthBarrier)",24.9,24.4,0,8.01
1986.7,Sprint,30,-174.7,True,"barrier:NorthBarrier/Fence/BayCollider",1966.10,"BayCollider (NorthBarrier)",24.9,24.4,0,8.01
1986.7,Sprint,31,-136.7,True,"barrier:NorthBarrier/Fence/BayCollider",1966.10,"BayCollider (NorthBarrier)",24.9,24.4,0,8.01
1986.7,Sprint,32,-98.7,True,"barrier:NorthBarrier/Fence/BayCollider",1966.10,"BayCollider (NorthBarrier)",24.9,24.4,0,8.01
1986.7,Sprint,33,-60.7,True,"barrier:NorthBarrier/Fence/BayCollider",1966.10,"BayCollider (NorthBarrier)",24.9,24.4,0,8.01
1986.7,Sprint,34,-23.7,True,"barrier:NorthBarrier/Fence/BayCollider",1966.10,"BayCollider (NorthBarrier)",24.9,24.4,0,8.01
1986.7,Sprint,35,14.3,True,"barrier:NorthBarrier/Fence/BayCollider",1966.10,"BayCollider (NorthBarrier)",24.9,24.4,0,8.01
1986.7,Sprint,36,52.3,True,"barrier:NorthBarrier/Fence/BayCollider",1966.10,"BayCollider (NorthBarrier)",24.9,24.4,0,8.01
1986.7,Sprint,37,90.3,True,"barrier:NorthBarrier/Fence/BayCollider",1966.10,"BayCollider (NorthBarrier)",24.9,24.4,0,8.01
1986.7,Sprint,38,127.3,True,"barrier:NorthBarrier/Fence/BayCollider",1966.10,"BayCollider (NorthBarrier)",42.0,24.4,0,8.01
1986.7,Sprint,39,165.3,True,"barrier:NorthBarrier/Fence/BayCollider",1966.10,"BayCollider (NorthBarrier)",24.9,24.4,0,8.01
1986.7,Sprint,40,203.3,True,"barrier:NorthBarrier/Fence/BayCollider",1966.10,"BayCollider (NorthBarrier)",24.9,24.4,0,8.01
1986.7,Sprint,41,241.3,True,"barrier:NorthBarrier/Fence/BayCollider",1966.10,"BayCollider (NorthBarrier)",24.9,24.4,0,8.01
1986.7,Sprint,42,279.3,True,"barrier:NorthBarrier/Fence/BayCollider",1966.10,"BayCollider (NorthBarrier)",42.0,24.4,0,8.01
1986.7,Sprint,43,316.3,True,"barrier:NorthBarrier/Fence/BayCollider",1966.10,"BayCollider (NorthBarrier)",24.9,24.4,0,8.01
1986.7,Sprint,44,354.3,True,"barrier:NorthBarrier/Fence/BayCollider",1966.10,"BayCollider (NorthBarrier)",24.9,24.4,0,8.01
1986.7,Sprint,45,392.3,True,"barrier:NorthBarrier/Fence/BayCollider",1966.10,"BayCollider (NorthBarrier)",42.0,24.4,0,8.01
1986.7,Sprint,46,430.3,True,"barrier:NorthBarrier/Fence/BayCollider",1966.10,"BayCollider (NorthBarrier)",42.0,24.4,0,8.01
1986.7,Sprint,47,467.3,True,"barrier:NorthBarrier/Fence/BayCollider",1966.10,"BayCollider (NorthBarrier)",24.9,24.4,0,8.01
1986.7,Sprint,48,505.3,True,"barrier:NorthBarrier/Fence/BayCollider",1966.10,"BayCollider (NorthBarrier)",24.9,24.4,0,8.01
1986.7,Sprint,49,543.3,True,"barrier:NorthBarrier/Dressing/ConcreteBlock",1963.45,"ConcreteBlock (NorthBarrier)",41.0,20.8,0,8.01
1986.7,SprintJump,0,-1307.7,False,"-",1946.99,"terrain slope (54 deg)",42.0,5.3,0,8.01
1986.7,SprintJump,0,-1295.7,True,"barrier:NorthBarrier/Fence/BayCollider",1966.10,"BayCollider (NorthBarrier)",22.9,22.4,0,8.01
1986.7,SprintJump,1,-1269.7,True,"barrier:NorthBarrier/Fence/BayCollider",1966.10,"BayCollider (NorthBarrier)",24.9,24.4,0,8.01
1986.7,SprintJump,2,-1231.7,True,"barrier:NorthBarrier/Fence/BayCollider",1966.10,"BayCollider (NorthBarrier)",42.0,24.4,0,8.01
1986.7,SprintJump,3,-1194.7,True,"barrier:NorthBarrier/Fence/BayCollider",1966.10,"BayCollider (NorthBarrier)",24.9,24.4,0,8.01
1986.7,SprintJump,4,-1156.7,True,"barrier:NorthBarrier/Fence/BayCollider",1966.10,"BayCollider (NorthBarrier)",24.9,24.4,0,8.01
1986.7,SprintJump,5,-1118.7,True,"barrier:NorthBarrier/Fence/BayCollider",1966.10,"BayCollider (NorthBarrier)",24.9,24.4,0,8.01
1986.7,SprintJump,6,-1080.7,True,"barrier:NorthBarrier/Fence/BayCollider",1966.10,"BayCollider (NorthBarrier)",42.0,24.4,0,8.01
1986.7,SprintJump,7,-1043.7,True,"barrier:NorthBarrier/Fence/BayCollider",1966.10,"BayCollider (NorthBarrier)",42.0,24.4,0,8.01
1986.7,SprintJump,8,-1005.7,True,"barrier:NorthBarrier/Fence/BayCollider",1966.10,"BayCollider (NorthBarrier)",42.0,24.4,0,8.01
1986.7,SprintJump,9,-967.7,True,"barrier:NorthBarrier/Fence/BayCollider",1966.10,"BayCollider (NorthBarrier)",24.9,24.4,0,8.01
1986.7,SprintJump,10,-929.7,True,"barrier:NorthBarrier/Fence/BayCollider",1966.10,"BayCollider (NorthBarrier)",24.9,24.4,0,8.01
1986.7,SprintJump,11,-891.7,True,"barrier:NorthBarrier/Fence/BayCollider",1966.10,"BayCollider (NorthBarrier)",24.9,24.4,0,8.01
1986.7,SprintJump,12,-854.7,True,"barrier:NorthBarrier/Fence/BayCollider",1966.10,"BayCollider (NorthBarrier)",24.9,24.4,0,8.01
1986.7,SprintJump,13,-816.7,True,"barrier:NorthBarrier/Fence/BayCollider",1966.10,"BayCollider (NorthBarrier)",22.2,24.4,0,8.01
1986.7,SprintJump,14,-778.7,True,"barrier:NorthBarrier/Fence/BayCollider",1966.10,"BayCollider (NorthBarrier)",24.9,24.4,0,8.01
1986.7,SprintJump,15,-741.7,True,"barrier:NorthBarrier/Fence/BayCollider",1966.10,"BayCollider (NorthBarrier)",24.9,24.4,0,8.01
1986.7,SprintJump,16,-703.7,True,"barrier:NorthBarrier/Fence/BayCollider",1966.10,"BayCollider (NorthBarrier)",42.0,24.4,0,8.01
1986.7,SprintJump,17,-665.7,True,"barrier:NorthBarrier/Fence/BayCollider",1966.10,"BayCollider (NorthBarrier)",42.0,24.4,0,8.01
1986.7,SprintJump,18,-627.7,True,"barrier:NorthBarrier/Fence/BayCollider",1966.10,"BayCollider (NorthBarrier)",24.9,24.4,0,8.01
1986.7,SprintJump,19,-589.7,True,"barrier:NorthBarrier/Fence/BayCollider",1966.10,"BayCollider (NorthBarrier)",24.9,24.4,0,8.01
1986.7,SprintJump,20,-551.7,True,"barrier:NorthBarrier/Fence/BayCollider",1966.10,"BayCollider (NorthBarrier)",42.0,24.4,0,8.01
1986.7,SprintJump,21,-514.7,True,"barrier:NorthBarrier/Fence/BayCollider",1966.10,"BayCollider (NorthBarrier)",42.0,24.4,0,8.01
1986.7,SprintJump,22,-476.7,True,"barrier:NorthBarrier/Fence/BayCollider",1966.10,"BayCollider (NorthBarrier)",24.9,24.4,0,8.01
1986.7,SprintJump,23,-438.7,True,"barrier:NorthBarrier/Fence/BayCollider",1966.10,"BayCollider (NorthBarrier)",24.9,24.4,0,8.01
1986.7,SprintJump,24,-400.7,True,"barrier:NorthBarrier/Fence/BayCollider",1966.10,"BayCollider (NorthBarrier)",24.9,24.4,0,8.01
1986.7,SprintJump,25,-363.7,True,"barrier:NorthBarrier/Fence/BayCollider",1966.10,"BayCollider (NorthBarrier)",24.9,24.4,0,8.01
1986.7,SprintJump,26,-325.7,True,"barrier:NorthBarrier/Fence/BayCollider",1966.10,"BayCollider (NorthBarrier)",24.9,24.4,0,8.01
1986.7,SprintJump,27,-287.7,True,"barrier:NorthBarrier/Fence/BayCollider",1966.10,"BayCollider (NorthBarrier)",24.9,24.4,0,8.01
1986.7,SprintJump,28,-249.7,True,"barrier:NorthBarrier/Fence/BayCollider",1966.10,"BayCollider (NorthBarrier)",24.9,24.4,0,8.01
1986.7,SprintJump,29,-212.7,True,"barrier:NorthBarrier/Fence/BayCollider",1966.10,"BayCollider (NorthBarrier)",24.9,24.4,0,8.01
1986.7,SprintJump,30,-174.7,True,"barrier:NorthBarrier/Fence/BayCollider",1966.10,"BayCollider (NorthBarrier)",24.9,24.4,0,8.01
1986.7,SprintJump,31,-136.7,True,"barrier:NorthBarrier/Fence/BayCollider",1966.10,"BayCollider (NorthBarrier)",24.9,24.4,0,8.01
1986.7,SprintJump,32,-98.7,True,"barrier:NorthBarrier/Fence/BayCollider",1966.10,"BayCollider (NorthBarrier)",24.9,24.4,0,8.01
1986.7,SprintJump,33,-60.7,True,"barrier:NorthBarrier/Fence/BayCollider",1966.10,"BayCollider (NorthBarrier)",24.9,24.4,0,8.01
1986.7,SprintJump,34,-23.7,True,"barrier:NorthBarrier/Fence/BayCollider",1966.10,"BayCollider (NorthBarrier)",24.9,24.4,0,8.01
1986.7,SprintJump,35,14.3,True,"barrier:NorthBarrier/Fence/BayCollider",1966.10,"BayCollider (NorthBarrier)",24.9,24.4,0,8.01
1986.7,SprintJump,36,52.3,True,"barrier:NorthBarrier/Fence/BayCollider",1966.10,"BayCollider (NorthBarrier)",24.9,24.4,0,8.01
1986.7,SprintJump,37,90.3,True,"barrier:NorthBarrier/Fence/BayCollider",1966.10,"BayCollider (NorthBarrier)",24.9,24.4,0,8.01
1986.7,SprintJump,38,127.3,True,"barrier:NorthBarrier/Fence/BayCollider",1966.10,"BayCollider (NorthBarrier)",42.0,24.4,0,8.01
1986.7,SprintJump,39,165.3,True,"barrier:NorthBarrier/Fence/BayCollider",1966.10,"BayCollider (NorthBarrier)",24.9,24.4,0,8.01
1986.7,SprintJump,40,203.3,True,"barrier:NorthBarrier/Fence/BayCollider",1966.10,"BayCollider (NorthBarrier)",24.9,24.4,0,8.01
1986.7,SprintJump,41,241.3,True,"barrier:NorthBarrier/Fence/BayCollider",1966.10,"BayCollider (NorthBarrier)",24.9,24.4,0,8.01
1986.7,SprintJump,42,279.3,True,"barrier:NorthBarrier/Fence/BayCollider",1966.10,"BayCollider (NorthBarrier)",42.0,24.4,0,8.01
1986.7,SprintJump,43,316.3,True,"barrier:NorthBarrier/Fence/BayCollider",1966.10,"BayCollider (NorthBarrier)",24.9,24.4,0,8.01
1986.7,SprintJump,44,354.3,True,"barrier:NorthBarrier/Fence/BayCollider",1966.10,"BayCollider (NorthBarrier)",24.9,24.4,0,8.01
1986.7,SprintJump,45,392.3,True,"barrier:NorthBarrier/Fence/BayCollider",1966.10,"BayCollider (NorthBarrier)",42.0,24.4,0,8.01
1986.7,SprintJump,46,430.3,True,"barrier:NorthBarrier/Fence/BayCollider",1966.10,"BayCollider (NorthBarrier)",42.0,24.4,0,8.01
1986.7,SprintJump,47,467.3,True,"barrier:NorthBarrier/Fence/BayCollider",1966.10,"BayCollider (NorthBarrier)",24.9,24.4,0,8.01
1986.7,SprintJump,48,505.3,True,"barrier:NorthBarrier/Fence/BayCollider",1966.10,"BayCollider (NorthBarrier)",24.9,24.4,0,8.01
1986.7,SprintJump,49,543.3,True,"barrier:NorthBarrier/Fence/BayCollider",1966.10,"BayCollider (NorthBarrier)",41.0,23.4,0,8.01
1986.7,Off30Left,0,-1307.7,True,"barrier:NorthBarrier/Fence/BayCollider",1966.11,"BayCollider (NorthBarrier)",28.7,36.5,0,5.01
1986.7,Off30Left,1,-1269.7,True,"barrier:NorthBarrier/Fence/BayCollider",1966.11,"BayCollider (NorthBarrier)",48.5,36.5,0,5.01
1986.7,Off30Left,2,-1231.7,True,"barrier:NorthBarrier/Fence/BayCollider",1966.11,"BayCollider (NorthBarrier)",28.7,36.5,0,5.01
1986.7,Off30Left,3,-1194.7,True,"barrier:NorthBarrier/Fence/BayCollider",1966.11,"BayCollider (NorthBarrier)",28.7,36.5,0,5.01
1986.7,Off30Left,4,-1156.7,True,"barrier:NorthBarrier/Fence/BayCollider",1966.11,"BayCollider (NorthBarrier)",28.7,36.5,0,5.01
1986.7,Off30Left,5,-1118.7,True,"barrier:NorthBarrier/Fence/BayCollider",1966.11,"BayCollider (NorthBarrier)",28.7,36.5,0,5.01
1986.7,Off30Left,6,-1080.7,True,"barrier:NorthBarrier/Dressing/Rubble/Rock_Medium_1",1963.05,"Rock_Medium_1 (NorthBarrier)",48.5,24.1,0,5.01
1986.7,Off30Left,7,-1043.7,True,"barrier:NorthBarrier/Fence/BayCollider",1966.11,"BayCollider (NorthBarrier)",48.5,36.5,0,5.01
1986.7,Off30Left,8,-1005.7,True,"barrier:NorthBarrier/Fence/BayCollider",1966.11,"BayCollider (NorthBarrier)",48.5,36.5,0,5.01
1986.7,Off30Left,9,-967.7,True,"barrier:NorthBarrier/Fence/BayCollider",1966.11,"BayCollider (NorthBarrier)",28.7,36.5,0,5.01
1986.7,Off30Left,10,-929.7,True,"barrier:NorthBarrier/Fence/BayCollider",1966.11,"BayCollider (NorthBarrier)",28.7,36.5,0,5.01
1986.7,Off30Left,11,-891.7,True,"barrier:NorthBarrier/Fence/BayCollider",1966.11,"BayCollider (NorthBarrier)",28.7,36.5,0,5.01
1986.7,Off30Left,12,-854.7,True,"barrier:NorthBarrier/Fence/BayCollider",1966.11,"BayCollider (NorthBarrier)",28.7,36.5,0,5.01
1986.7,Off30Left,13,-816.7,True,"barrier:NorthBarrier/Fence/BayCollider",1966.11,"BayCollider (NorthBarrier)",28.7,36.5,0,5.01
1986.7,Off30Left,14,-778.7,True,"barrier:NorthBarrier/Fence/BayCollider",1966.11,"BayCollider (NorthBarrier)",23.5,36.1,0,5.67
1986.7,Off30Left,15,-740.7,True,"barrier:NorthBarrier/Fence/BayCollider",1966.11,"BayCollider (NorthBarrier)",48.5,36.5,0,5.01
1986.7,Off30Left,16,-703.7,True,"barrier:NorthBarrier/Fence/BayCollider",1966.11,"BayCollider (NorthBarrier)",48.5,36.5,0,5.01
1986.7,Off30Left,17,-665.7,True,"barrier:NorthBarrier/Fence/BayCollider",1966.11,"BayCollider (NorthBarrier)",28.7,36.5,0,5.01
1986.7,Off30Left,18,-627.7,True,"barrier:NorthBarrier/Fence/BayCollider",1966.11,"BayCollider (NorthBarrier)",48.5,36.5,0,5.01
1986.7,Off30Left,19,-589.7,True,"barrier:NorthBarrier/Fence/BayCollider",1966.13,"BayCollider (NorthBarrier)",47.5,31.0,0,5.01
1986.7,Off30Left,20,-551.7,True,"barrier:NorthBarrier/Fence/BayCollider",1966.11,"BayCollider (NorthBarrier)",48.5,36.5,0,5.01
1986.7,Off30Left,21,-514.7,True,"barrier:NorthBarrier/Fence/BayCollider",1966.11,"BayCollider (NorthBarrier)",28.7,36.5,0,5.01
1986.7,Off30Left,22,-476.7,True,"barrier:NorthBarrier/Fence/BayCollider",1966.11,"BayCollider (NorthBarrier)",28.7,36.5,0,5.01
1986.7,Off30Left,23,-438.7,True,"barrier:NorthBarrier/Fence/BayCollider",1966.11,"BayCollider (NorthBarrier)",28.7,36.5,0,5.01
1986.7,Off30Left,24,-400.7,True,"barrier:NorthBarrier/Fence/BayCollider",1966.16,"BayCollider (NorthBarrier)",28.7,32.9,0,5.01
1986.7,Off30Left,25,-363.7,True,"barrier:NorthBarrier/Fence/BayCollider",1966.11,"BayCollider (NorthBarrier)",28.7,36.5,0,5.01
1986.7,Off30Left,26,-325.7,True,"barrier:NorthBarrier/Fence/BayCollider",1966.11,"BayCollider (NorthBarrier)",28.7,36.5,0,5.01
1986.7,Off30Left,27,-287.7,True,"barrier:NorthBarrier/Fence/BayCollider",1966.11,"BayCollider (NorthBarrier)",28.7,36.5,0,5.01
1986.7,Off30Left,28,-249.7,True,"barrier:NorthBarrier/Fence/BayCollider",1966.11,"BayCollider (NorthBarrier)",28.7,36.5,0,5.01
1986.7,Off30Left,29,-212.7,True,"reach",1963.13,"nothing within 3 m (slope 4 deg underfoot)",24.8,24.7,0,5.01
1986.7,Off30Left,30,-174.7,True,"barrier:NorthBarrier/Fence/BayCollider",1966.11,"BayCollider (NorthBarrier)",28.7,36.5,0,5.01
1986.7,Off30Left,31,-136.7,True,"barrier:NorthBarrier/Fence/BayCollider",1966.11,"BayCollider (NorthBarrier)",28.7,36.5,0,5.01
1986.7,Off30Left,32,-98.7,True,"barrier:NorthBarrier/Fence/BayCollider",1966.11,"BayCollider (NorthBarrier)",28.7,36.5,0,5.01
1986.7,Off30Left,33,-60.7,True,"barrier:NorthBarrier/Fence/BayCollider",1966.11,"BayCollider (NorthBarrier)",28.7,36.5,0,5.01
1986.7,Off30Left,34,-23.7,True,"barrier:NorthBarrier/Fence/BayCollider",1966.11,"BayCollider (NorthBarrier)",28.7,36.5,0,5.01
1986.7,Off30Left,35,14.3,True,"barrier:NorthBarrier/Dressing/Rubble/Rock_Medium_1",1966.12,"Rock_Medium_1 (NorthBarrier)",28.7,28.1,0,5.01
1986.7,Off30Left,36,52.3,True,"barrier:NorthBarrier/Fence/BayCollider",1966.11,"BayCollider (NorthBarrier)",48.5,36.6,0,5.01
1986.7,Off30Left,37,90.3,True,"barrier:NorthBarrier/Fence/BayCollider",1966.11,"BayCollider (NorthBarrier)",48.5,36.5,0,5.01
1986.7,Off30Left,38,127.3,True,"barrier:NorthBarrier/Fence/BayCollider",1966.11,"BayCollider (NorthBarrier)",48.5,36.5,0,5.01
1986.7,Off30Left,39,165.3,True,"barrier:NorthBarrier/Fence/BayCollider",1966.11,"BayCollider (NorthBarrier)",28.7,36.5,0,5.01
1986.7,Off30Left,40,203.3,True,"barrier:NorthBarrier/Fence/BayCollider",1966.11,"BayCollider (NorthBarrier)",28.7,36.5,0,5.01
1986.7,Off30Left,41,241.3,True,"barrier:NorthBarrier/Fence/BayCollider",1966.11,"BayCollider (NorthBarrier)",48.5,36.5,0,5.01
1986.7,Off30Left,42,279.3,True,"barrier:NorthBarrier/Fence/BayCollider",1966.11,"BayCollider (NorthBarrier)",28.7,36.5,0,5.01
1986.7,Off30Left,43,316.3,True,"barrier:NorthBarrier/Fence/BayCollider",1966.11,"BayCollider (NorthBarrier)",28.7,36.5,0,5.01
1986.7,Off30Left,44,354.3,True,"barrier:NorthBarrier/Fence/BayCollider",1966.11,"BayCollider (NorthBarrier)",28.7,36.5,0,5.01
1986.7,Off30Left,45,392.3,True,"barrier:NorthBarrier/Fence/BayCollider",1966.11,"BayCollider (NorthBarrier)",48.5,36.0,0,5.01
1986.7,Off30Left,46,430.3,True,"barrier:NorthBarrier/Fence/BayCollider",1966.10,"BayCollider (NorthBarrier)",48.5,26.9,0,5.01
1986.7,Off30Left,47,467.3,True,"barrier:NorthBarrier/Fence/BayCollider",1966.11,"BayCollider (NorthBarrier)",48.5,36.5,0,5.01
1986.7,Off30Left,48,505.3,True,"barrier:NorthBarrier/Fence/BayCollider",1966.11,"BayCollider (NorthBarrier)",48.5,36.5,0,5.01
1986.7,Off30Left,49,543.3,False,"-",1959.98,"terrain slope (45 deg)",28.5,0.9,0,5.00
1986.7,Off30Left,49,531.3,False,"-",1964.81,"terrain slope (45 deg)",34.5,7.5,0,5.01
1986.7,Off30Left,49,530.3,True,"barrier:NorthBarrier/Fence/BayCollider",1966.11,"BayCollider (NorthBarrier)",35.5,23.4,0,5.01
1986.7,Off30Right,0,-1307.7,False,"-",1951.73,"terrain slope (47 deg)",38.5,1.6,0,5.01
1986.7,Off30Right,1,-1269.7,True,"barrier:NorthBarrier/Fence/BayCollider",1966.11,"BayCollider (NorthBarrier)",26.7,34.5,0,5.01
1986.7,Off30Right,2,-1231.7,True,"barrier:NorthBarrier/Fence/BayCollider",1966.11,"BayCollider (NorthBarrier)",28.7,36.5,0,5.01
1986.7,Off30Right,3,-1194.7,True,"barrier:NorthBarrier/Fence/BayCollider",1966.11,"BayCollider (NorthBarrier)",28.7,36.5,0,5.01
1986.7,Off30Right,4,-1156.7,True,"barrier:NorthBarrier/Fence/BayCollider",1966.11,"BayCollider (NorthBarrier)",28.7,36.5,0,5.01
1986.7,Off30Right,5,-1118.7,True,"barrier:NorthBarrier/Fence/BayCollider",1966.11,"BayCollider (NorthBarrier)",28.7,36.5,0,5.01
1986.7,Off30Right,6,-1080.7,True,"barrier:NorthBarrier/Fence/BayCollider",1966.11,"BayCollider (NorthBarrier)",23.7,36.5,0,5.01
1986.7,Off30Right,7,-1043.7,True,"barrier:NorthBarrier/Fence/BayCollider",1966.11,"BayCollider (NorthBarrier)",48.5,36.5,0,5.01
1986.7,Off30Right,8,-1005.7,True,"barrier:NorthBarrier/Fence/BayCollider",1966.11,"BayCollider (NorthBarrier)",48.5,36.5,0,5.01
1986.7,Off30Right,9,-967.7,True,"barrier:NorthBarrier/Fence/BayCollider",1966.11,"BayCollider (NorthBarrier)",48.5,35.4,0,5.01
1986.7,Off30Right,10,-929.7,True,"barrier:NorthBarrier/Fence/BayCollider",1966.11,"BayCollider (NorthBarrier)",28.7,36.5,0,5.01
1986.7,Off30Right,11,-891.7,True,"barrier:NorthBarrier/Fence/BayCollider",1966.11,"BayCollider (NorthBarrier)",28.7,36.5,0,5.01
1986.7,Off30Right,12,-854.7,True,"barrier:NorthBarrier/Fence/BayCollider",1966.11,"BayCollider (NorthBarrier)",28.7,36.5,0,5.01
1986.7,Off30Right,13,-816.7,True,"barrier:NorthBarrier/Fence/BayCollider",1966.11,"BayCollider (NorthBarrier)",28.7,36.5,0,5.01
1986.7,Off30Right,14,-778.7,True,"barrier:NorthBarrier/Washout/Scour",1960.58,"Scour (NorthBarrier)",22.4,21.7,0,5.01
1986.7,Off30Right,15,-740.7,True,"barrier:NorthBarrier/Fence/BayCollider",1966.14,"BayCollider (NorthBarrier)",28.7,34.9,0,5.01
1986.7,Off30Right,16,-703.7,True,"barrier:NorthBarrier/Fence/BayCollider",1966.11,"BayCollider (NorthBarrier)",48.5,36.5,0,5.01
1986.7,Off30Right,17,-665.7,True,"barrier:NorthBarrier/Dressing/ConcreteBlock",1963.61,"ConcreteBlock (NorthBarrier)",48.5,26.5,0,5.01
1986.7,Off30Right,18,-627.7,True,"barrier:NorthBarrier/Fence/BayCollider",1966.11,"BayCollider (NorthBarrier)",28.7,36.8,0,5.01
1986.7,Off30Right,19,-589.7,True,"barrier:NorthBarrier/Fence/BayCollider",1966.11,"BayCollider (NorthBarrier)",28.7,34.0,0,5.01
1986.7,Off30Right,20,-551.7,True,"barrier:NorthBarrier/Fence/BayCollider",1966.11,"BayCollider (NorthBarrier)",28.7,36.5,0,5.01
1986.7,Off30Right,21,-514.7,True,"barrier:NorthBarrier/Fence/BayCollider",1966.11,"BayCollider (NorthBarrier)",28.7,36.5,0,5.01
1986.7,Off30Right,22,-476.7,True,"barrier:NorthBarrier/Fence/BayCollider",1966.11,"BayCollider (NorthBarrier)",48.5,36.5,0,5.01
1986.7,Off30Right,23,-438.7,True,"barrier:NorthBarrier/Fence/BayCollider",1966.11,"BayCollider (NorthBarrier)",48.5,36.5,0,5.01
1986.7,Off30Right,24,-400.7,True,"barrier:NorthBarrier/Fence/BayCollider",1966.11,"BayCollider (NorthBarrier)",48.5,34.7,0,5.01
1986.7,Off30Right,25,-363.7,True,"barrier:NorthBarrier/Fence/BayCollider",1966.11,"BayCollider (NorthBarrier)",48.5,36.5,0,5.01
1986.7,Off30Right,26,-325.7,True,"barrier:NorthBarrier/Fence/BayCollider",1966.11,"BayCollider (NorthBarrier)",48.5,36.4,0,5.01
1986.7,Off30Right,27,-287.7,True,"barrier:NorthBarrier/Fence/BayCollider",1966.11,"BayCollider (NorthBarrier)",28.7,36.5,0,5.01
1986.7,Off30Right,28,-249.7,True,"barrier:NorthBarrier/Fence/BayCollider",1966.11,"BayCollider (NorthBarrier)",28.7,36.5,0,5.01
1986.7,Off30Right,29,-212.7,True,"barrier:NorthBarrier/Fence/BayCollider",1966.11,"BayCollider (NorthBarrier)",48.5,36.5,0,5.01
1986.7,Off30Right,30,-174.7,True,"barrier:NorthBarrier/Fence/BayCollider",1966.11,"BayCollider (NorthBarrier)",28.7,36.5,0,5.01
1986.7,Off30Right,31,-136.7,True,"barrier:NorthBarrier/Fence/BayCollider",1966.11,"BayCollider (NorthBarrier)",48.5,36.5,0,5.01
1986.7,Off30Right,32,-98.7,True,"barrier:NorthBarrier/Fence/BayCollider",1966.11,"BayCollider (NorthBarrier)",48.5,36.5,0,5.01
1986.7,Off30Right,33,-60.7,True,"barrier:NorthBarrier/Fence/BayCollider",1966.11,"BayCollider (NorthBarrier)",48.5,36.5,0,5.01
1986.7,Off30Right,34,-23.7,True,"barrier:NorthBarrier/Fence/BayCollider",1966.11,"BayCollider (NorthBarrier)",28.7,36.5,0,5.01
1986.7,Off30Right,35,14.3,True,"barrier:NorthBarrier/Fence/BayCollider",1966.11,"BayCollider (NorthBarrier)",48.5,36.5,0,5.01
1986.7,Off30Right,36,52.3,True,"barrier:NorthBarrier/Fence/BayCollider",1966.11,"BayCollider (NorthBarrier)",28.7,36.5,0,5.01
1986.7,Off30Right,37,90.3,True,"barrier:NorthBarrier/Fence/BayCollider",1966.11,"BayCollider (NorthBarrier)",28.7,36.5,0,5.01
1986.7,Off30Right,38,127.3,True,"barrier:NorthBarrier/Fence/BayCollider",1966.11,"BayCollider (NorthBarrier)",28.7,36.5,0,5.01
1986.7,Off30Right,39,165.3,True,"barrier:NorthBarrier/Fence/BayCollider",1966.11,"BayCollider (NorthBarrier)",48.5,36.5,0,5.01
1986.7,Off30Right,40,203.3,True,"barrier:NorthBarrier/Fence/BayCollider",1966.11,"BayCollider (NorthBarrier)",48.5,36.5,0,5.01
1986.7,Off30Right,41,241.3,True,"barrier:NorthBarrier/Dressing/Rubble/Rock_Medium_3",1961.18,"Rock_Medium_3 (NorthBarrier)",28.7,22.9,0,5.01
1986.7,Off30Right,42,279.3,True,"barrier:NorthBarrier/Fence/BayCollider",1966.11,"BayCollider (NorthBarrier)",28.7,36.5,0,5.01
1986.7,Off30Right,43,316.3,True,"barrier:NorthBarrier/Fence/BayCollider",1966.11,"BayCollider (NorthBarrier)",48.5,36.5,0,5.01
1986.7,Off30Right,44,354.3,True,"barrier:NorthBarrier/Fence/BayCollider",1966.11,"BayCollider (NorthBarrier)",48.5,36.5,0,5.01
1986.7,Off30Right,45,392.3,True,"barrier:NorthBarrier/Fence/BayCollider",1966.11,"BayCollider (NorthBarrier)",48.5,36.5,0,5.01
1986.7,Off30Right,46,430.3,True,"barrier:NorthBarrier/Fence/BayCollider",1966.11,"BayCollider (NorthBarrier)",48.5,36.5,0,5.01
1986.7,Off30Right,47,467.3,True,"barrier:NorthBarrier/Fence/BayCollider",1966.11,"BayCollider (NorthBarrier)",28.7,36.5,0,5.01
1986.7,Off30Right,48,505.3,True,"barrier:NorthBarrier/Fence/BayCollider",1966.11,"BayCollider (NorthBarrier)",28.7,36.5,0,5.01
1986.7,Off30Right,49,543.3,True,"barrier:NorthBarrier/Fence/BayCollider",1966.11,"BayCollider (NorthBarrier)",28.7,36.5,0,5.01
1986.7,Off60Left,0,-1307.7,True,"barrier:NorthBarrier/Fence/BayCollider",1966.13,"BayCollider (NorthBarrier)",84.0,86.8,0,5.01
1986.7,Off60Left,1,-1269.7,True,"barrier:NorthBarrier/Fence/BayCollider",1966.13,"BayCollider (NorthBarrier)",49.7,86.8,0,5.01
1986.7,Off60Left,2,-1231.7,True,"barrier:NorthBarrier/Fence/BayCollider",1966.14,"BayCollider (NorthBarrier)",49.7,86.8,0,5.01
1986.7,Off60Left,3,-1194.7,True,"barrier:NorthBarrier/Fence/BayCollider",1966.13,"BayCollider (NorthBarrier)",46.0,86.0,0,5.01
1986.7,Off60Left,4,-1156.7,True,"barrier:NorthBarrier/Fence/BayCollider",1966.13,"BayCollider (NorthBarrier)",84.0,86.8,0,5.01
1986.7,Off60Left,5,-1118.7,True,"barrier:NorthBarrier/Fence/BayCollider",1966.14,"BayCollider (NorthBarrier)",84.0,58.4,0,5.01
1986.7,Off60Left,6,-1080.7,True,"barrier:NorthBarrier/Fence/BayCollider",1966.13,"BayCollider (NorthBarrier)",84.0,66.2,0,5.01
1986.7,Off60Left,7,-1043.7,True,"barrier:NorthBarrier/Fence/BayCollider",1966.13,"BayCollider (NorthBarrier)",84.0,86.8,0,5.00
1986.7,Off60Left,8,-1005.7,True,"barrier:NorthBarrier/Fence/BayCollider",1966.13,"BayCollider (NorthBarrier)",84.0,86.8,0,5.00
1986.7,Off60Left,9,-967.7,True,"barrier:NorthBarrier/Fence/BayCollider",1966.13,"BayCollider (NorthBarrier)",49.7,86.8,0,5.00
1986.7,Off60Left,10,-929.7,True,"barrier:NorthBarrier/Fence/BayCollider",1966.13,"BayCollider (NorthBarrier)",43.0,86.8,0,5.00
1986.7,Off60Left,11,-891.7,True,"barrier:NorthBarrier/Fence/BayCollider",1966.13,"BayCollider (NorthBarrier)",49.7,86.8,0,5.00
1986.7,Off60Left,12,-854.7,True,"barrier:NorthBarrier/Fence/BayCollider",1966.13,"BayCollider (NorthBarrier)",45.2,86.0,0,5.00
1986.7,Off60Left,13,-816.7,True,"barrier:NorthBarrier/Fence/BayCollider",1966.13,"BayCollider (NorthBarrier)",49.7,53.3,0,5.00
1986.7,Off60Left,14,-778.7,True,"barrier:NorthBarrier/Dressing/Rubble/Brick_Plain_1",1963.95,"Brick_Plain_1 (NorthBarrier)",84.0,43.5,0,5.00
1986.7,Off60Left,15,-740.7,True,"barrier:NorthBarrier/Fence/BayCollider",1966.13,"BayCollider (NorthBarrier)",84.0,86.8,0,5.00
1986.7,Off60Left,16,-703.7,True,"barrier:NorthBarrier/Fence/BayCollider",1966.13,"BayCollider (NorthBarrier)",84.0,86.8,0,5.00
1986.7,Off60Left,17,-665.7,True,"barrier:NorthBarrier/Fence/BayCollider",1966.13,"BayCollider (NorthBarrier)",84.0,54.6,0,5.00
1986.7,Off60Left,18,-627.7,True,"barrier:NorthBarrier/Fence/BayCollider",1966.13,"BayCollider (NorthBarrier)",84.0,85.5,0,5.00
1986.7,Off60Left,19,-589.7,True,"barrier:NorthBarrier/Dressing/Rubble/Entrance_Concrete_2x1",1966.13,"Entrance_Concrete_2x1 (NorthBarrier)",84.0,76.0,0,5.00
1986.7,Off60Left,20,-551.7,True,"barrier:NorthBarrier/Fence/BayCollider",1966.13,"BayCollider (NorthBarrier)",84.0,86.8,0,5.00
1986.7,Off60Left,21,-514.7,True,"barrier:NorthBarrier/Fence/BayCollider",1966.13,"BayCollider (NorthBarrier)",84.0,86.8,0,5.00
1986.7,Off60Left,22,-476.7,True,"barrier:NorthBarrier/Fence/BayCollider",1966.13,"BayCollider (NorthBarrier)",84.0,86.5,0,5.00
1986.7,Off60Left,23,-438.7,True,"barrier:NorthBarrier/Fence/BayCollider",1966.13,"BayCollider (NorthBarrier)",84.0,86.8,0,5.00
1986.7,Off60Left,24,-400.7,True,"barrier:NorthBarrier/Fence/BayCollider",1966.18,"BayCollider (NorthBarrier)",84.0,86.2,0,5.00
1986.7,Off60Left,25,-363.7,True,"barrier:NorthBarrier/Fence/BayCollider",1966.13,"BayCollider (NorthBarrier)",84.0,86.8,0,5.00
1986.7,Off60Left,26,-325.7,True,"barrier:NorthBarrier/Fence/BayCollider",1966.13,"BayCollider (NorthBarrier)",84.0,86.8,0,5.00
1986.7,Off60Left,27,-287.7,True,"barrier:NorthBarrier/Dressing/ConcreteBlock",1963.41,"ConcreteBlock (NorthBarrier)",44.4,43.5,0,5.00
1986.7,Off60Left,28,-249.7,True,"barrier:NorthBarrier/Fence/BayCollider",1966.13,"BayCollider (NorthBarrier)",49.7,86.8,0,5.00
1986.7,Off60Left,29,-212.7,True,"barrier:NorthBarrier/Fence/BayCollider",1966.15,"BayCollider (NorthBarrier)",84.0,71.7,0,5.00
1986.7,Off60Left,30,-174.7,True,"barrier:NorthBarrier/Fence/BayCollider",1966.13,"BayCollider (NorthBarrier)",84.0,86.8,0,5.00
1986.7,Off60Left,31,-136.7,True,"barrier:NorthBarrier/Fence/BayCollider",1966.13,"BayCollider (NorthBarrier)",84.0,86.8,0,5.00
1986.7,Off60Left,32,-98.7,True,"barrier:NorthBarrier/Fence/BayCollider",1966.13,"BayCollider (NorthBarrier)",49.7,86.8,0,5.00
1986.7,Off60Left,33,-60.7,True,"barrier:NorthBarrier/Fence/BayCollider",1966.13,"BayCollider (NorthBarrier)",84.0,86.8,0,5.00
1986.7,Off60Left,34,-23.7,True,"barrier:NorthBarrier/Fence/BayCollider",1966.13,"BayCollider (NorthBarrier)",49.7,86.4,0,5.00
1986.7,Off60Left,35,14.3,True,"barrier:NorthBarrier/Dressing/Rubble/Rock_Medium_1",1966.13,"Rock_Medium_1 (NorthBarrier)",84.0,69.8,0,5.00
1986.7,Off60Left,36,52.3,True,"barrier:NorthBarrier/Dressing/Rubble/Rock_Medium_3",1966.13,"Rock_Medium_3 (NorthBarrier)",84.0,61.8,0,5.00
1986.7,Off60Left,37,90.3,True,"barrier:NorthBarrier/Fence/BayCollider",1966.13,"BayCollider (NorthBarrier)",49.7,86.8,0,5.00
1986.7,Off60Left,38,127.3,True,"barrier:NorthBarrier/Fence/BayCollider",1966.13,"BayCollider (NorthBarrier)",84.0,86.8,0,5.00
1986.7,Off60Left,39,165.3,True,"barrier:NorthBarrier/Fence/BayCollider",1966.13,"BayCollider (NorthBarrier)",49.7,86.8,0,5.00
1986.7,Off60Left,40,203.3,True,"barrier:NorthBarrier/Fence/BayCollider",1966.14,"BayCollider (NorthBarrier)",84.0,55.3,0,5.00
1986.7,Off60Left,41,241.3,True,"barrier:NorthBarrier/Fence/BayCollider",1966.13,"BayCollider (NorthBarrier)",49.7,86.8,0,5.00
1986.7,Off60Left,42,279.3,True,"barrier:NorthBarrier/Fence/BayCollider",1966.13,"BayCollider (NorthBarrier)",84.0,86.8,0,5.00
1986.7,Off60Left,43,316.3,True,"barrier:NorthBarrier/Fence/BayCollider",1966.13,"BayCollider (NorthBarrier)",84.0,86.8,0,5.00
1986.7,Off60Left,44,354.3,True,"barrier:NorthBarrier/Fence/BayCollider",1966.13,"BayCollider (NorthBarrier)",84.0,86.8,0,5.00
1986.7,Off60Left,45,392.3,False,"-",1966.10,"terrain slope (47 deg)",84.0,36.4,0,5.00
1986.7,Off60Left,46,430.3,False,"-",1966.13,"terrain slope (48 deg)",84.0,66.7,0,5.00
1986.7,Off60Left,46,435.3,False,"-",1966.13,"terrain slope (48 deg)",84.0,71.0,0,5.00
1986.7,Off60Left,46,436.3,False,"-",1966.13,"terrain slope (48 deg)",84.0,71.9,0,5.00
1986.7,Off60Left,46,437.3,False,"-",1966.13,"terrain slope (48 deg)",84.0,72.8,0,5.00
1986.7,Off60Left,46,438.3,False,"-",1966.13,"terrain slope (48 deg)",84.0,73.6,0,5.00
1986.7,Off60Left,46,439.3,False,"-",1966.13,"terrain slope (48 deg)",84.0,74.5,0,5.00
1986.7,Off60Left,47,467.3,False,"-",1943.44,"terrain slope (37 deg)",82.0,0.6,0,3.64
1986.7,Off60Left,47,469.3,False,"-",1943.71,"terrain slope (42 deg)",80.0,0.4,0,4.33
1986.7,Off60Left,47,471.3,True,"barrier:NorthBarrier/Fence/BayCollider",1966.13,"BayCollider (NorthBarrier)",77.0,79.8,0,5.00
1986.7,Off60Left,48,505.3,True,"barrier:NorthBarrier/Fence/BayCollider",1966.13,"BayCollider (NorthBarrier)",51.0,47.1,0,5.00
1986.7,Off60Right,0,-1307.7,False,"-",1960.75,"terrain slope (58 deg)",47.0,18.1,0,5.01
1986.7,Off60Right,1,-1269.7,False,"-",1952.43,"terrain slope (48 deg)",65.0,2.3,0,5.01
1986.7,Off60Right,2,-1231.7,False,"-",1943.13,"terrain slope (36 deg)",83.0,18.5,0,5.01
1986.7,Off60Right,2,-1217.7,True,"barrier:NorthBarrier/Fence/BayCollider",1966.14,"BayCollider (NorthBarrier)",46.7,83.8,0,5.01
1986.7,Off60Right,3,-1194.7,True,"barrier:NorthBarrier/Fence/BayCollider",1966.14,"BayCollider (NorthBarrier)",49.7,86.8,0,5.01
1986.7,Off60Right,4,-1156.7,True,"barrier:NorthBarrier/Fence/BayCollider",1966.13,"BayCollider (NorthBarrier)",49.7,86.8,0,5.01
1986.7,Off60Right,5,-1118.7,True,"barrier:NorthBarrier/Fence/BayCollider",1966.13,"BayCollider (NorthBarrier)",49.7,77.2,0,5.01
1986.7,Off60Right,6,-1080.7,True,"barrier:NorthBarrier/Fence/BayCollider",1966.13,"BayCollider (NorthBarrier)",49.7,67.3,0,5.01
1986.7,Off60Right,7,-1043.7,True,"barrier:NorthBarrier/Fence/BayCollider",1966.13,"BayCollider (NorthBarrier)",49.7,55.2,0,5.01
1986.7,Off60Right,8,-1005.7,True,"barrier:NorthBarrier/Fence/BayCollider",1966.13,"BayCollider (NorthBarrier)",49.7,86.8,0,5.01
1986.7,Off60Right,9,-967.7,True,"barrier:NorthBarrier/Fence/BayCollider",1966.13,"BayCollider (NorthBarrier)",49.7,86.8,0,5.01
1986.7,Off60Right,10,-929.7,True,"barrier:NorthBarrier/Fence/BayCollider",1966.13,"BayCollider (NorthBarrier)",49.7,86.8,0,5.00
1986.7,Off60Right,11,-891.7,True,"barrier:NorthBarrier/Fence/BayCollider",1966.13,"BayCollider (NorthBarrier)",49.7,86.8,0,5.00
1986.7,Off60Right,12,-854.7,True,"barrier:NorthBarrier/Fence/BayCollider",1966.13,"BayCollider (NorthBarrier)",49.7,86.8,0,5.00
1986.7,Off60Right,13,-816.7,True,"barrier:NorthBarrier/Fence/BayCollider",1966.13,"BayCollider (NorthBarrier)",49.7,86.8,0,5.00
1986.7,Off60Right,14,-778.7,True,"barrier:NorthBarrier/Fence/BayCollider",1966.13,"BayCollider (NorthBarrier)",44.4,70.5,0,5.00
1986.7,Off60Right,15,-740.7,True,"barrier:NorthBarrier/Washout/Scour",1957.89,"Scour (NorthBarrier)",32.5,32.1,0,5.00
1986.7,Off60Right,16,-703.7,True,"barrier:NorthBarrier/Fence/BayCollider",1966.14,"BayCollider (NorthBarrier)",49.7,48.9,0,5.00
1986.7,Off60Right,17,-665.7,True,"barrier:NorthBarrier/Fence/BayCollider",1966.13,"BayCollider (NorthBarrier)",49.7,86.8,0,5.00
1986.7,Off60Right,18,-627.7,True,"barrier:NorthBarrier/Fence/BayCollider",1966.13,"BayCollider (NorthBarrier)",84.0,61.2,0,5.00
1986.7,Off60Right,19,-589.7,True,"barrier:NorthBarrier/Fence/BayCollider",1966.13,"BayCollider (NorthBarrier)",49.7,79.5,0,5.00
1986.7,Off60Right,20,-551.7,True,"barrier:NorthBarrier/Fence/BayCollider",1966.13,"BayCollider (NorthBarrier)",84.0,46.6,0,5.00
1986.7,Off60Right,21,-514.7,True,"barrier:NorthBarrier/Fence/BayCollider",1966.13,"BayCollider (NorthBarrier)",84.0,84.9,0,5.00
1986.7,Off60Right,22,-476.7,True,"barrier:NorthBarrier/Fence/BayCollider",1966.13,"BayCollider (NorthBarrier)",49.7,86.8,0,5.00
1986.7,Off60Right,23,-438.7,True,"barrier:NorthBarrier/Fence/BayCollider",1966.13,"BayCollider (NorthBarrier)",84.0,86.8,0,5.00
1986.7,Off60Right,24,-400.7,True,"barrier:NorthBarrier/Checkpoint/Gate/LeafLeft/LeafCollider",1966.18,"LeafCollider (NorthBarrier)",84.0,83.7,0,5.00
1986.7,Off60Right,25,-363.7,True,"barrier:NorthBarrier/Fence/BayCollider",1966.18,"BayCollider (NorthBarrier)",84.0,85.8,0,5.00
1986.7,Off60Right,26,-325.7,True,"barrier:NorthBarrier/Fence/BayCollider",1966.13,"BayCollider (NorthBarrier)",84.0,86.8,0,5.00
1986.7,Off60Right,27,-287.7,True,"barrier:NorthBarrier/Fence/BayCollider",1966.13,"BayCollider (NorthBarrier)",84.0,85.6,0,5.00
1986.7,Off60Right,28,-249.7,True,"barrier:NorthBarrier/Fence/BayCollider",1966.13,"BayCollider (NorthBarrier)",84.0,86.8,0,5.00
1986.7,Off60Right,29,-212.7,True,"barrier:NorthBarrier/Fence/BayCollider",1966.13,"BayCollider (NorthBarrier)",84.0,86.5,0,5.00
1986.7,Off60Right,30,-174.7,True,"barrier:NorthBarrier/Fence/BayCollider",1966.13,"BayCollider (NorthBarrier)",84.0,53.6,0,5.00
1986.7,Off60Right,31,-136.7,True,"barrier:NorthBarrier/Fence/BayCollider",1966.13,"BayCollider (NorthBarrier)",49.7,86.8,0,5.00
1986.7,Off60Right,32,-98.7,True,"barrier:NorthBarrier/Fence/BayCollider",1966.13,"BayCollider (NorthBarrier)",84.0,86.8,0,5.00
1986.7,Off60Right,33,-60.7,True,"barrier:NorthBarrier/Fence/BayCollider",1966.13,"BayCollider (NorthBarrier)",84.0,86.8,0,5.00
1986.7,Off60Right,34,-23.7,True,"barrier:NorthBarrier/Fence/BayCollider",1966.13,"BayCollider (NorthBarrier)",84.0,86.8,0,5.00
1986.7,Off60Right,35,14.3,True,"barrier:NorthBarrier/Fence/BayCollider",1966.13,"BayCollider (NorthBarrier)",49.7,85.2,0,5.00
1986.7,Off60Right,36,52.3,True,"barrier:NorthBarrier/Fence/BayCollider",1966.13,"BayCollider (NorthBarrier)",84.0,52.3,0,5.00
1986.7,Off60Right,37,90.3,True,"barrier:NorthBarrier/Dressing/Rubble/Rock_Medium_3",1966.13,"Rock_Medium_3 (NorthBarrier)",49.7,60.8,0,5.00
1986.7,Off60Right,38,127.3,True,"barrier:NorthBarrier/Fence/BayCollider",1966.13,"BayCollider (NorthBarrier)",84.0,86.8,0,5.00
1986.7,Off60Right,39,165.3,True,"barrier:NorthBarrier/Fence/BayCollider",1966.13,"BayCollider (NorthBarrier)",84.0,86.8,0,5.00
1986.7,Off60Right,40,203.3,True,"barrier:NorthBarrier/Fence/BayCollider",1966.13,"BayCollider (NorthBarrier)",84.0,86.8,0,5.00
1986.7,Off60Right,41,241.3,True,"barrier:NorthBarrier/Fence/BayCollider",1966.13,"BayCollider (NorthBarrier)",84.0,66.7,0,5.00
1986.7,Off60Right,42,279.3,True,"barrier:NorthBarrier/Fence/BayCollider",1966.13,"BayCollider (NorthBarrier)",84.0,86.8,0,5.00
1986.7,Off60Right,43,316.3,True,"barrier:NorthBarrier/Fence/BayCollider",1966.13,"BayCollider (NorthBarrier)",49.7,86.8,0,5.00
1986.7,Off60Right,44,354.3,True,"reach",1966.13,"terrain slope (36 deg)",49.7,86.8,0,5.00
1986.7,Off60Right,45,392.3,True,"barrier:NorthBarrier/Fence/BayCollider",1966.13,"BayCollider (NorthBarrier)",84.0,86.8,0,5.00
1986.7,Off60Right,46,430.3,True,"barrier:NorthBarrier/Fence/BayCollider",1966.13,"BayCollider (NorthBarrier)",84.0,58.4,0,5.00
1986.7,Off60Right,47,467.3,True,"barrier:NorthBarrier/Fence/BayCollider",1966.13,"BayCollider (NorthBarrier)",49.7,86.8,0,5.00
1986.7,Off60Right,48,505.3,True,"barrier:NorthBarrier/Fence/BayCollider",1966.13,"BayCollider (NorthBarrier)",84.0,86.8,0,5.00
1986.7,Off60Right,49,543.3,True,"barrier:NorthBarrier/Fence/BayCollider",1966.13,"BayCollider (NorthBarrier)",84.0,86.8,0,5.00
1986.7,Fast50,0,-1307.7,False,"-",1959.02,"nothing within 3 m (slope 14 deg underfoot)",42.0,17.3,0,50.00
1986.7,Fast50,0,-1295.7,True,"barrier:NorthBarrier/Fence/BayCollider",1966.10,"BayCollider (NorthBarrier)",22.9,22.4,0,50.00
1986.7,Fast50,1,-1269.7,True,"barrier:NorthBarrier/Fence/BayCollider",1966.10,"BayCollider (NorthBarrier)",24.9,24.4,0,50.00
1986.7,Fast50,2,-1231.7,True,"barrier:NorthBarrier/Fence/BayCollider",1966.10,"BayCollider (NorthBarrier)",42.0,24.4,0,50.00
1986.7,Fast50,3,-1194.7,True,"barrier:NorthBarrier/Fence/BayCollider",1966.10,"BayCollider (NorthBarrier)",24.9,24.4,0,50.00
1986.7,Fast50,4,-1156.7,True,"barrier:NorthBarrier/Fence/BayCollider",1966.10,"BayCollider (NorthBarrier)",24.9,24.4,0,50.00
1986.7,Fast50,5,-1118.7,True,"barrier:NorthBarrier/Fence/BayCollider",1966.10,"BayCollider (NorthBarrier)",24.9,24.4,0,50.00
1986.7,Fast50,6,-1080.7,True,"barrier:NorthBarrier/Fence/BayCollider",1966.10,"BayCollider (NorthBarrier)",42.0,24.4,0,50.00
1986.7,Fast50,7,-1043.7,True,"barrier:NorthBarrier/Fence/BayCollider",1966.10,"BayCollider (NorthBarrier)",42.0,24.4,0,50.00
1986.7,Fast50,8,-1005.7,True,"barrier:NorthBarrier/Fence/BayCollider",1966.10,"BayCollider (NorthBarrier)",42.0,24.4,0,50.00
1986.7,Fast50,9,-967.7,True,"barrier:NorthBarrier/Fence/BayCollider",1966.10,"BayCollider (NorthBarrier)",24.9,24.4,0,50.00
1986.7,Fast50,10,-929.7,True,"barrier:NorthBarrier/Fence/BayCollider",1966.10,"BayCollider (NorthBarrier)",24.9,24.4,0,50.00
1986.7,Fast50,11,-891.7,True,"barrier:NorthBarrier/Fence/BayCollider",1966.10,"BayCollider (NorthBarrier)",24.9,24.4,0,50.00
1986.7,Fast50,12,-854.7,True,"barrier:NorthBarrier/Fence/BayCollider",1966.10,"BayCollider (NorthBarrier)",24.9,24.4,0,50.00
1986.7,Fast50,13,-816.7,True,"barrier:NorthBarrier/Fence/BayCollider",1966.10,"BayCollider (NorthBarrier)",22.2,24.4,0,50.00
1986.7,Fast50,14,-778.7,True,"barrier:NorthBarrier/Fence/BayCollider",1966.10,"BayCollider (NorthBarrier)",24.9,24.4,0,50.00
1986.7,Fast50,15,-741.7,True,"barrier:NorthBarrier/Fence/BayCollider",1966.10,"BayCollider (NorthBarrier)",24.9,24.4,0,50.00
1986.7,Fast50,16,-703.7,True,"backstop",1983.25,"Backstop_028 (WorldBounds)",42.0,41.6,0,50.00
1986.7,Fast50,17,-665.7,True,"barrier:NorthBarrier/Fence/BayCollider",1966.10,"BayCollider (NorthBarrier)",42.0,24.4,0,50.00
1986.7,Fast50,18,-627.7,True,"barrier:NorthBarrier/Fence/BayCollider",1966.10,"BayCollider (NorthBarrier)",24.9,24.4,0,50.00
1986.7,Fast50,19,-589.7,True,"barrier:NorthBarrier/Fence/BayCollider",1966.10,"BayCollider (NorthBarrier)",24.9,24.4,0,50.00
1986.7,Fast50,20,-551.7,True,"barrier:NorthBarrier/Fence/BayCollider",1966.10,"BayCollider (NorthBarrier)",42.0,24.4,0,50.00
1986.7,Fast50,21,-514.7,True,"barrier:NorthBarrier/Fence/BayCollider",1966.10,"BayCollider (NorthBarrier)",42.0,24.4,0,50.00
1986.7,Fast50,22,-476.7,True,"barrier:NorthBarrier/Fence/BayCollider",1966.10,"BayCollider (NorthBarrier)",24.9,24.4,0,50.00
1986.7,Fast50,23,-438.7,True,"barrier:NorthBarrier/Fence/BayCollider",1966.10,"BayCollider (NorthBarrier)",24.9,24.4,0,50.00
1986.7,Fast50,24,-400.7,True,"barrier:NorthBarrier/Fence/BayCollider",1966.10,"BayCollider (NorthBarrier)",24.9,24.4,0,50.00
1986.7,Fast50,25,-363.7,True,"barrier:NorthBarrier/Fence/BayCollider",1966.10,"BayCollider (NorthBarrier)",24.9,24.4,0,50.00
1986.7,Fast50,26,-325.7,True,"barrier:NorthBarrier/Fence/BayCollider",1966.10,"BayCollider (NorthBarrier)",24.9,24.4,0,50.00
1986.7,Fast50,27,-287.7,True,"barrier:NorthBarrier/Fence/BayCollider",1966.10,"BayCollider (NorthBarrier)",24.9,24.4,0,50.00
1986.7,Fast50,28,-249.7,True,"barrier:NorthBarrier/Fence/BayCollider",1966.10,"BayCollider (NorthBarrier)",24.9,24.4,0,50.00
1986.7,Fast50,29,-212.7,True,"barrier:NorthBarrier/Fence/BayCollider",1966.10,"BayCollider (NorthBarrier)",24.9,24.4,0,50.00
1986.7,Fast50,30,-174.7,True,"barrier:NorthBarrier/Fence/BayCollider",1966.10,"BayCollider (NorthBarrier)",24.9,24.4,0,50.00
1986.7,Fast50,31,-136.7,True,"barrier:NorthBarrier/Fence/BayCollider",1966.10,"BayCollider (NorthBarrier)",24.9,24.4,0,50.00
1986.7,Fast50,32,-98.7,True,"barrier:NorthBarrier/Fence/BayCollider",1966.10,"BayCollider (NorthBarrier)",24.9,24.4,0,50.00
1986.7,Fast50,33,-60.7,True,"barrier:NorthBarrier/Fence/BayCollider",1966.10,"BayCollider (NorthBarrier)",24.9,24.4,0,50.00
1986.7,Fast50,34,-23.7,True,"barrier:NorthBarrier/Fence/BayCollider",1966.10,"BayCollider (NorthBarrier)",24.9,24.4,0,50.00
1986.7,Fast50,35,14.3,True,"barrier:NorthBarrier/Fence/BayCollider",1966.10,"BayCollider (NorthBarrier)",24.9,24.4,0,50.00
1986.7,Fast50,36,52.3,True,"barrier:NorthBarrier/Fence/BayCollider",1966.10,"BayCollider (NorthBarrier)",24.9,24.4,0,50.00
1986.7,Fast50,37,90.3,True,"barrier:NorthBarrier/Fence/BayCollider",1966.10,"BayCollider (NorthBarrier)",24.9,24.4,0,50.00
1986.7,Fast50,38,127.3,True,"backstop",1983.25,"Backstop_046 (WorldBounds)",42.0,41.6,0,50.00
1986.7,Fast50,39,165.3,True,"barrier:NorthBarrier/Fence/BayCollider",1966.10,"BayCollider (NorthBarrier)",24.9,24.4,0,50.00
1986.7,Fast50,40,203.3,True,"barrier:NorthBarrier/Fence/BayCollider",1966.10,"BayCollider (NorthBarrier)",24.9,24.4,0,50.00
1986.7,Fast50,41,241.3,True,"barrier:NorthBarrier/Fence/BayCollider",1966.10,"BayCollider (NorthBarrier)",24.9,24.4,0,50.00
1986.7,Fast50,42,279.3,True,"barrier:NorthBarrier/Fence/BayCollider",1966.10,"BayCollider (NorthBarrier)",42.0,24.4,0,50.00
1986.7,Fast50,43,316.3,True,"barrier:NorthBarrier/Fence/BayCollider",1966.10,"BayCollider (NorthBarrier)",24.9,24.4,0,50.00
1986.7,Fast50,44,354.3,True,"barrier:NorthBarrier/Fence/BayCollider",1966.10,"BayCollider (NorthBarrier)",24.9,24.4,0,50.00
1986.7,Fast50,45,392.3,True,"barrier:NorthBarrier/Fence/BayCollider",1966.10,"BayCollider (NorthBarrier)",42.0,24.4,0,50.00
1986.7,Fast50,46,430.3,True,"barrier:NorthBarrier/Fence/BayCollider",1966.10,"BayCollider (NorthBarrier)",42.0,24.4,0,50.00
1986.7,Fast50,47,467.3,True,"barrier:NorthBarrier/Fence/BayCollider",1966.10,"BayCollider (NorthBarrier)",24.9,24.4,0,50.00
1986.7,Fast50,48,505.3,True,"barrier:NorthBarrier/Fence/BayCollider",1966.10,"BayCollider (NorthBarrier)",24.9,24.4,0,50.00
1986.7,Fast50,49,543.3,True,"barrier:NorthBarrier/Fence/BayCollider",1966.11,"BayCollider (NorthBarrier)",41.0,23.4,0,50.00
1986.7,LakeBedW walk,0,-1997.0,True,"backstop",1983.25,"Backstop_002 (WorldBounds)",42.0,41.6,0,5.00
1986.7,LakeBedW sprint,0,-1997.0,True,"backstop",1983.25,"Backstop_002 (WorldBounds)",42.0,41.6,0,8.01
1986.7,LakeBedW walk,1,-1857.0,True,"backstop",1983.25,"Backstop_005 (WorldBounds)",42.0,41.6,0,5.00
1986.7,LakeBedW sprint,1,-1857.0,True,"backstop",1983.25,"Backstop_005 (WorldBounds)",42.0,41.6,0,8.01
1986.7,LakeBedW walk,2,-1718.0,True,"backstop",1983.25,"Backstop_008 (WorldBounds)",42.0,41.6,0,5.00
1986.7,LakeBedW sprint,2,-1718.0,True,"backstop",1983.25,"Backstop_008 (WorldBounds)",42.0,41.6,0,8.01
1986.7,LakeBedW walk,3,-1579.0,True,"backstop",1983.25,"Backstop_011 (WorldBounds)",42.0,41.6,0,5.00
1986.7,LakeBedW sprint,3,-1579.0,True,"backstop",1983.25,"Backstop_011 (WorldBounds)",42.0,41.6,0,8.01
1986.7,LakeBedW walk,4,-1439.0,True,"backstop",1983.25,"Backstop_014 (WorldBounds)",42.0,41.6,0,5.00
1986.7,LakeBedW sprint,4,-1439.0,True,"backstop",1983.25,"Backstop_014 (WorldBounds)",42.0,41.6,0,8.01
1986.7,LakeBedE walk,0,599.0,True,"backstop",1983.25,"Backstop_056 (WorldBounds)",42.0,41.6,0,5.00
1986.7,LakeBedE sprint,0,599.0,True,"backstop",1983.25,"Backstop_056 (WorldBounds)",42.0,41.6,0,8.01
1986.7,LakeBedE walk,1,929.0,True,"backstop",1983.25,"Backstop_063 (WorldBounds)",42.0,41.6,0,5.00
1986.7,LakeBedE sprint,1,929.0,True,"backstop",1983.25,"Backstop_063 (WorldBounds)",42.0,41.6,0,8.01
1986.7,LakeBedE walk,2,1259.0,True,"backstop",1983.25,"Backstop_069 (WorldBounds)",42.0,41.6,0,5.00
1986.7,LakeBedE sprint,2,1259.0,True,"backstop",1983.25,"Backstop_069 (WorldBounds)",42.0,41.6,0,8.01
1986.7,LakeBedE walk,3,1589.0,True,"backstop",1983.25,"Backstop_076 (WorldBounds)",42.0,41.6,0,5.00
1986.7,LakeBedE sprint,3,1589.0,True,"backstop",1983.25,"Backstop_076 (WorldBounds)",42.0,41.6,0,8.01
1986.7,LakeBedE walk,4,1919.0,True,"backstop",1983.25,"Backstop_083 (WorldBounds)",42.0,41.6,0,5.00
1986.7,LakeBedE sprint,4,1919.0,True,"backstop",1983.25,"Backstop_083 (WorldBounds)",42.0,41.6,0,8.01
1986.7,WestEnd north,0,-1997.0,True,"backstop",1983.25,"Backstop_002 (WorldBounds)",42.0,41.6,0,8.01
1986.7,WestEnd outward60,0,-1997.0,True,"backstop",1983.28,"Backstop_002 (WorldBounds)",84.0,100.7,0,8.00
1986.7,EastEnd north,0,1919.0,True,"backstop",1983.25,"Backstop_083 (WorldBounds)",42.0,41.6,0,8.01
1986.7,EastEnd outward60,0,1919.0,True,"backstop",1983.28,"Backstop_083 (WorldBounds)",84.0,100.6,0,8.00
1986.7,Walk,0,-1307.7,False,"-",1946.98,"terrain slope (56 deg)",42.0,5.3,0,5.00
1986.7,Walk,0,-1295.7,True,"barrier:NorthBarrier/Fence/BayCollider",1966.10,"BayCollider (NorthBarrier)",22.9,22.4,0,5.00
1986.7,Walk,1,-1269.7,True,"barrier:NorthBarrier/Fence/BayCollider",1966.10,"BayCollider (NorthBarrier)",24.9,24.4,0,5.00
1986.7,Walk,2,-1231.7,True,"barrier:NorthBarrier/Fence/BayCollider",1966.10,"BayCollider (NorthBarrier)",42.0,24.4,0,5.00
1986.7,Walk,3,-1194.7,True,"barrier:NorthBarrier/Fence/BayCollider",1966.10,"BayCollider (NorthBarrier)",24.9,24.4,0,5.00
1986.7,Walk,4,-1156.7,True,"barrier:NorthBarrier/Fence/BayCollider",1966.10,"BayCollider (NorthBarrier)",24.9,24.4,0,5.00
1986.7,Walk,5,-1118.7,True,"barrier:NorthBarrier/Fence/BayCollider",1966.10,"BayCollider (NorthBarrier)",24.9,24.4,0,5.00
1986.7,Walk,6,-1080.7,True,"barrier:NorthBarrier/Fence/BayCollider",1966.10,"BayCollider (NorthBarrier)",42.0,24.4,0,5.00
1986.7,Walk,7,-1043.7,True,"barrier:NorthBarrier/Fence/BayCollider",1966.10,"BayCollider (NorthBarrier)",42.0,24.4,0,5.00
1986.7,Walk,8,-1005.7,True,"barrier:NorthBarrier/Fence/BayCollider",1966.10,"BayCollider (NorthBarrier)",42.0,24.4,0,5.00
1986.7,Walk,9,-967.7,True,"barrier:NorthBarrier/Fence/BayCollider",1966.10,"BayCollider (NorthBarrier)",24.9,24.4,0,5.00
1986.7,Walk,10,-929.7,True,"barrier:NorthBarrier/Fence/BayCollider",1966.10,"BayCollider (NorthBarrier)",24.9,24.4,0,5.00
1986.7,Walk,11,-891.7,True,"barrier:NorthBarrier/Fence/BayCollider",1966.10,"BayCollider (NorthBarrier)",24.9,24.4,0,5.00
1986.7,Walk,12,-854.7,True,"barrier:NorthBarrier/Fence/BayCollider",1966.10,"BayCollider (NorthBarrier)",24.9,24.4,0,5.00
1986.7,Walk,13,-816.7,True,"barrier:NorthBarrier/Fence/BayCollider",1966.10,"BayCollider (NorthBarrier)",22.2,24.4,0,5.00
1986.7,Walk,14,-778.7,True,"barrier:NorthBarrier/Fence/BayCollider",1966.10,"BayCollider (NorthBarrier)",24.9,24.4,0,5.00
1986.7,Walk,15,-741.7,True,"barrier:NorthBarrier/Fence/BayCollider",1966.10,"BayCollider (NorthBarrier)",24.9,24.4,0,5.00
1986.7,Walk,16,-703.7,True,"barrier:NorthBarrier/Fence/BayCollider",1966.10,"BayCollider (NorthBarrier)",42.0,24.4,0,5.00
1986.7,Walk,17,-665.7,True,"barrier:NorthBarrier/Fence/BayCollider",1966.10,"BayCollider (NorthBarrier)",42.0,24.4,0,5.00
1986.7,Walk,18,-627.7,True,"barrier:NorthBarrier/Fence/BayCollider",1966.10,"BayCollider (NorthBarrier)",24.9,24.4,0,5.00
1986.7,Walk,19,-589.7,True,"barrier:NorthBarrier/Fence/BayCollider",1966.10,"BayCollider (NorthBarrier)",24.9,24.4,0,5.00
1986.7,Walk,20,-551.7,True,"barrier:NorthBarrier/Dressing/WreckedVehicle",1962.61,"WreckedVehicle (NorthBarrier)",42.0,20.9,0,5.00
1986.7,Walk,21,-514.7,True,"barrier:NorthBarrier/Fence/BayCollider",1966.10,"BayCollider (NorthBarrier)",42.0,24.4,0,5.00
1986.7,Walk,22,-476.7,True,"barrier:NorthBarrier/Fence/BayCollider",1966.10,"BayCollider (NorthBarrier)",24.9,24.4,0,5.00
1986.7,Walk,23,-438.7,True,"barrier:NorthBarrier/Fence/BayCollider",1966.10,"BayCollider (NorthBarrier)",24.9,24.4,0,5.00
1986.7,Walk,24,-400.7,True,"barrier:NorthBarrier/Fence/BayCollider",1966.10,"BayCollider (NorthBarrier)",24.9,24.4,0,5.00
1986.7,Walk,25,-363.7,True,"barrier:NorthBarrier/Fence/BayCollider",1966.10,"BayCollider (NorthBarrier)",24.9,24.4,0,5.00
1986.7,Walk,26,-325.7,True,"barrier:NorthBarrier/Fence/BayCollider",1966.10,"BayCollider (NorthBarrier)",24.9,24.4,0,5.00
1986.7,Walk,27,-287.7,True,"barrier:NorthBarrier/Fence/BayCollider",1966.10,"BayCollider (NorthBarrier)",24.9,24.4,0,5.00
1986.7,Walk,28,-249.7,True,"barrier:NorthBarrier/Dressing/ConcreteBlock",1963.47,"ConcreteBlock (NorthBarrier)",24.9,21.8,0,5.00
1986.7,Walk,29,-212.7,True,"barrier:NorthBarrier/Fence/BayCollider",1966.10,"BayCollider (NorthBarrier)",24.9,24.4,0,5.00
1986.7,Walk,30,-174.7,True,"barrier:NorthBarrier/Fence/BayCollider",1966.10,"BayCollider (NorthBarrier)",24.9,24.4,0,5.00
1986.7,Walk,31,-136.7,True,"barrier:NorthBarrier/Fence/BayCollider",1966.10,"BayCollider (NorthBarrier)",24.9,24.4,0,5.00
1986.7,Walk,32,-98.7,True,"barrier:NorthBarrier/Fence/BayCollider",1966.10,"BayCollider (NorthBarrier)",24.9,24.4,0,5.00
1986.7,Walk,33,-60.7,True,"barrier:NorthBarrier/Fence/BayCollider",1966.10,"BayCollider (NorthBarrier)",24.9,24.4,0,5.00
1986.7,Walk,34,-23.7,True,"barrier:NorthBarrier/Fence/BayCollider",1966.10,"BayCollider (NorthBarrier)",24.9,24.4,0,5.00
1986.7,Walk,35,14.3,True,"barrier:NorthBarrier/Fence/BayCollider",1966.10,"BayCollider (NorthBarrier)",24.9,24.4,0,5.00
1986.7,Walk,36,52.3,True,"barrier:NorthBarrier/Fence/BayCollider",1966.10,"BayCollider (NorthBarrier)",24.9,24.4,0,5.00
1986.7,Walk,37,90.3,True,"barrier:NorthBarrier/Fence/BayCollider",1966.10,"BayCollider (NorthBarrier)",24.9,24.4,0,5.00
1986.7,Walk,38,127.3,True,"barrier:NorthBarrier/Fence/BayCollider",1966.10,"BayCollider (NorthBarrier)",42.0,24.4,0,5.00
1986.7,Walk,39,165.3,True,"barrier:NorthBarrier/Fence/BayCollider",1966.10,"BayCollider (NorthBarrier)",24.9,24.4,0,5.00
1986.7,Walk,40,203.3,True,"barrier:NorthBarrier/Fence/BayCollider",1966.10,"BayCollider (NorthBarrier)",24.9,24.4,0,5.00
1986.7,Walk,41,241.3,True,"barrier:NorthBarrier/Fence/BayCollider",1966.10,"BayCollider (NorthBarrier)",24.9,24.4,0,5.00
1986.7,Walk,42,279.3,True,"barrier:NorthBarrier/Fence/BayCollider",1966.10,"BayCollider (NorthBarrier)",42.0,24.4,0,5.00
1986.7,Walk,43,316.3,True,"barrier:NorthBarrier/Fence/BayCollider",1966.10,"BayCollider (NorthBarrier)",24.9,24.4,0,5.00
1986.7,Walk,44,354.3,True,"barrier:NorthBarrier/Fence/BayCollider",1966.10,"BayCollider (NorthBarrier)",24.9,24.4,0,5.00
1986.7,Walk,45,392.3,True,"barrier:NorthBarrier/Fence/BayCollider",1966.10,"BayCollider (NorthBarrier)",42.0,24.4,0,5.00
1986.7,Walk,46,430.3,True,"barrier:NorthBarrier/Fence/BayCollider",1966.10,"BayCollider (NorthBarrier)",42.0,24.4,0,5.00
1986.7,Walk,47,467.3,True,"barrier:NorthBarrier/Fence/BayCollider",1966.10,"BayCollider (NorthBarrier)",24.9,24.4,0,5.00
1986.7,Walk,48,505.3,True,"barrier:NorthBarrier/Fence/BayCollider",1966.10,"BayCollider (NorthBarrier)",24.9,24.4,0,5.00
1986.7,Walk,49,543.3,False,"-",1962.97,"terrain slope (46 deg)",41.0,20.3,0,5.00
1986.7,Walk,49,545.3,True,"barrier:NorthBarrier/Fence/BayCollider",1966.12,"BayCollider (NorthBarrier)",37.0,19.4,0,5.00
1986.7,Sprint,0,-1307.7,False,"-",1946.99,"terrain slope (54 deg)",42.0,5.3,0,8.01
1986.7,Sprint,0,-1295.7,True,"barrier:NorthBarrier/Fence/BayCollider",1966.10,"BayCollider (NorthBarrier)",22.9,22.4,0,8.01
1986.7,Sprint,1,-1269.7,True,"barrier:NorthBarrier/Fence/BayCollider",1966.10,"BayCollider (NorthBarrier)",24.9,24.4,0,8.01
1986.7,Sprint,2,-1231.7,True,"barrier:NorthBarrier/Fence/BayCollider",1966.10,"BayCollider (NorthBarrier)",42.0,24.4,0,8.01
1986.7,Sprint,3,-1194.7,True,"barrier:NorthBarrier/Fence/BayCollider",1966.10,"BayCollider (NorthBarrier)",24.9,24.4,0,8.01
1986.7,Sprint,4,-1156.7,True,"barrier:NorthBarrier/Fence/BayCollider",1966.10,"BayCollider (NorthBarrier)",24.9,24.4,0,8.01
1986.7,Sprint,5,-1118.7,True,"barrier:NorthBarrier/Fence/BayCollider",1966.10,"BayCollider (NorthBarrier)",24.9,24.4,0,8.01
1986.7,Sprint,6,-1080.7,True,"barrier:NorthBarrier/Fence/BayCollider",1966.10,"BayCollider (NorthBarrier)",42.0,24.4,0,8.01
1986.7,Sprint,7,-1043.7,True,"barrier:NorthBarrier/Fence/BayCollider",1966.10,"BayCollider (NorthBarrier)",42.0,24.4,0,8.01
1986.7,Sprint,8,-1005.7,True,"barrier:NorthBarrier/Fence/BayCollider",1966.10,"BayCollider (NorthBarrier)",42.0,24.4,0,8.01
1986.7,Sprint,9,-967.7,True,"barrier:NorthBarrier/Fence/BayCollider",1966.10,"BayCollider (NorthBarrier)",24.9,24.4,0,8.01
1986.7,Sprint,10,-929.7,True,"barrier:NorthBarrier/Fence/BayCollider",1966.10,"BayCollider (NorthBarrier)",24.9,24.4,0,8.01
1986.7,Sprint,11,-891.7,True,"barrier:NorthBarrier/Fence/BayCollider",1966.10,"BayCollider (NorthBarrier)",24.9,24.4,0,8.01
1986.7,Sprint,12,-854.7,True,"barrier:NorthBarrier/Fence/BayCollider",1966.10,"BayCollider (NorthBarrier)",24.9,24.4,0,8.01
1986.7,Sprint,13,-816.7,True,"barrier:NorthBarrier/Fence/BayCollider",1966.10,"BayCollider (NorthBarrier)",22.2,24.4,0,8.01
1986.7,Sprint,14,-778.7,True,"barrier:NorthBarrier/Fence/BayCollider",1966.10,"BayCollider (NorthBarrier)",24.9,24.4,0,8.01
1986.7,Sprint,15,-741.7,True,"barrier:NorthBarrier/Fence/BayCollider",1966.10,"BayCollider (NorthBarrier)",24.9,24.4,0,8.01
1986.7,Sprint,16,-703.7,True,"barrier:NorthBarrier/Fence/BayCollider",1966.10,"BayCollider (NorthBarrier)",42.0,24.4,0,8.01
1986.7,Sprint,17,-665.7,True,"barrier:NorthBarrier/Fence/BayCollider",1966.10,"BayCollider (NorthBarrier)",42.0,24.4,0,8.01
1986.7,Sprint,18,-627.7,True,"barrier:NorthBarrier/Fence/BayCollider",1966.10,"BayCollider (NorthBarrier)",24.9,24.4,0,8.01
1986.7,Sprint,19,-589.7,True,"barrier:NorthBarrier/Fence/BayCollider",1966.10,"BayCollider (NorthBarrier)",24.9,24.4,0,8.01
1986.7,Sprint,20,-551.7,True,"barrier:NorthBarrier/Dressing/WreckedVehicle",1962.62,"WreckedVehicle (NorthBarrier)",42.0,20.9,0,8.01
1986.7,Sprint,21,-514.7,True,"barrier:NorthBarrier/Fence/BayCollider",1966.10,"BayCollider (NorthBarrier)",42.0,24.4,0,8.01
1986.7,Sprint,22,-476.7,True,"barrier:NorthBarrier/Fence/BayCollider",1966.10,"BayCollider (NorthBarrier)",24.9,24.4,0,8.01
1986.7,Sprint,23,-438.7,True,"barrier:NorthBarrier/Fence/BayCollider",1966.10,"BayCollider (NorthBarrier)",24.9,24.4,0,8.01
1986.7,Sprint,24,-400.7,True,"barrier:NorthBarrier/Fence/BayCollider",1966.10,"BayCollider (NorthBarrier)",24.9,24.4,0,8.01
1986.7,Sprint,25,-363.7,True,"barrier:NorthBarrier/Fence/BayCollider",1966.10,"BayCollider (NorthBarrier)",24.9,24.4,0,8.01
1986.7,Sprint,26,-325.7,True,"barrier:NorthBarrier/Fence/BayCollider",1966.10,"BayCollider (NorthBarrier)",24.9,24.4,0,8.01
1986.7,Sprint,27,-287.7,True,"barrier:NorthBarrier/Fence/BayCollider",1966.10,"BayCollider (NorthBarrier)",24.9,24.4,0,8.01
1986.7,Sprint,28,-249.7,True,"barrier:NorthBarrier/Dressing/ConcreteBlock",1963.47,"ConcreteBlock (NorthBarrier)",24.9,21.8,0,8.01
1986.7,Sprint,29,-212.7,True,"barrier:NorthBarrier/Fence/BayCollider",1966.10,"BayCollider (NorthBarrier)",24.9,24.4,0,8.01
1986.7,Sprint,30,-174.7,True,"barrier:NorthBarrier/Fence/BayCollider",1966.10,"BayCollider (NorthBarrier)",24.9,24.4,0,8.01
1986.7,Sprint,31,-136.7,True,"barrier:NorthBarrier/Fence/BayCollider",1966.10,"BayCollider (NorthBarrier)",24.9,24.4,0,8.01
1986.7,Sprint,32,-98.7,True,"barrier:NorthBarrier/Fence/BayCollider",1966.10,"BayCollider (NorthBarrier)",24.9,24.4,0,8.01
1986.7,Sprint,33,-60.7,True,"barrier:NorthBarrier/Fence/BayCollider",1966.10,"BayCollider (NorthBarrier)",24.9,24.4,0,8.01
1986.7,Sprint,34,-23.7,True,"barrier:NorthBarrier/Fence/BayCollider",1966.10,"BayCollider (NorthBarrier)",24.9,24.4,0,8.01
1986.7,Sprint,35,14.3,True,"barrier:NorthBarrier/Fence/BayCollider",1966.10,"BayCollider (NorthBarrier)",24.9,24.4,0,8.01
1986.7,Sprint,36,52.3,True,"barrier:NorthBarrier/Fence/BayCollider",1966.10,"BayCollider (NorthBarrier)",24.9,24.4,0,8.01
1986.7,Sprint,37,90.3,True,"barrier:NorthBarrier/Fence/BayCollider",1966.10,"BayCollider (NorthBarrier)",24.9,24.4,0,8.01
1986.7,Sprint,38,127.3,True,"barrier:NorthBarrier/Fence/BayCollider",1966.10,"BayCollider (NorthBarrier)",42.0,24.4,0,8.01
1986.7,Sprint,39,165.3,True,"barrier:NorthBarrier/Fence/BayCollider",1966.10,"BayCollider (NorthBarrier)",24.9,24.4,0,8.01
1986.7,Sprint,40,203.3,True,"barrier:NorthBarrier/Fence/BayCollider",1966.10,"BayCollider (NorthBarrier)",24.9,24.4,0,8.01
1986.7,Sprint,41,241.3,True,"barrier:NorthBarrier/Fence/BayCollider",1966.10,"BayCollider (NorthBarrier)",24.9,24.4,0,8.01
1986.7,Sprint,42,279.3,True,"barrier:NorthBarrier/Fence/BayCollider",1966.10,"BayCollider (NorthBarrier)",42.0,24.4,0,8.01
1986.7,Sprint,43,316.3,True,"barrier:NorthBarrier/Fence/BayCollider",1966.10,"BayCollider (NorthBarrier)",24.9,24.4,0,8.01
1986.7,Sprint,44,354.3,True,"barrier:NorthBarrier/Fence/BayCollider",1966.10,"BayCollider (NorthBarrier)",24.9,24.4,0,8.01
1986.7,Sprint,45,392.3,True,"barrier:NorthBarrier/Fence/BayCollider",1966.10,"BayCollider (NorthBarrier)",42.0,24.4,0,8.01
1986.7,Sprint,46,430.3,True,"barrier:NorthBarrier/Fence/BayCollider",1966.10,"BayCollider (NorthBarrier)",42.0,24.4,0,8.01
1986.7,Sprint,47,467.3,True,"barrier:NorthBarrier/Fence/BayCollider",1966.10,"BayCollider (NorthBarrier)",24.9,24.4,0,8.01
1986.7,Sprint,48,505.3,True,"barrier:NorthBarrier/Fence/BayCollider",1966.10,"BayCollider (NorthBarrier)",24.9,24.4,0,8.01
1986.7,Sprint,49,543.3,True,"barrier:NorthBarrier/Dressing/ConcreteBlock",1963.45,"ConcreteBlock (NorthBarrier)",41.0,20.8,0,8.01
1986.7,SprintJump,0,-1307.7,False,"-",1946.99,"terrain slope (54 deg)",42.0,5.3,0,8.01
1986.7,SprintJump,0,-1295.7,True,"barrier:NorthBarrier/Fence/BayCollider",1966.10,"BayCollider (NorthBarrier)",22.9,22.4,0,8.01
1986.7,SprintJump,1,-1269.7,True,"barrier:NorthBarrier/Fence/BayCollider",1966.10,"BayCollider (NorthBarrier)",24.9,24.4,0,8.01
1986.7,SprintJump,2,-1231.7,True,"barrier:NorthBarrier/Fence/BayCollider",1966.10,"BayCollider (NorthBarrier)",42.0,24.4,0,8.01
1986.7,SprintJump,3,-1194.7,True,"barrier:NorthBarrier/Fence/BayCollider",1966.10,"BayCollider (NorthBarrier)",24.9,24.4,0,8.01
1986.7,SprintJump,4,-1156.7,True,"barrier:NorthBarrier/Fence/BayCollider",1966.10,"BayCollider (NorthBarrier)",24.9,24.4,0,8.01
1986.7,SprintJump,5,-1118.7,True,"barrier:NorthBarrier/Fence/BayCollider",1966.10,"BayCollider (NorthBarrier)",24.9,24.4,0,8.01
1986.7,SprintJump,6,-1080.7,True,"barrier:NorthBarrier/Fence/BayCollider",1966.10,"BayCollider (NorthBarrier)",42.0,24.4,0,8.01
1986.7,SprintJump,7,-1043.7,True,"barrier:NorthBarrier/Fence/BayCollider",1966.10,"BayCollider (NorthBarrier)",42.0,24.4,0,8.01
1986.7,SprintJump,8,-1005.7,True,"barrier:NorthBarrier/Fence/BayCollider",1966.10,"BayCollider (NorthBarrier)",42.0,24.4,0,8.01
1986.7,SprintJump,9,-967.7,True,"barrier:NorthBarrier/Fence/BayCollider",1966.10,"BayCollider (NorthBarrier)",24.9,24.4,0,8.01
1986.7,SprintJump,10,-929.7,True,"barrier:NorthBarrier/Fence/BayCollider",1966.10,"BayCollider (NorthBarrier)",24.9,24.4,0,8.01
1986.7,SprintJump,11,-891.7,True,"barrier:NorthBarrier/Fence/BayCollider",1966.10,"BayCollider (NorthBarrier)",24.9,24.4,0,8.01
1986.7,SprintJump,12,-854.7,True,"barrier:NorthBarrier/Fence/BayCollider",1966.10,"BayCollider (NorthBarrier)",24.9,24.4,0,8.01
1986.7,SprintJump,13,-816.7,True,"barrier:NorthBarrier/Fence/BayCollider",1966.10,"BayCollider (NorthBarrier)",22.2,24.4,0,8.01
1986.7,SprintJump,14,-778.7,True,"barrier:NorthBarrier/Fence/BayCollider",1966.10,"BayCollider (NorthBarrier)",24.9,24.4,0,8.01
1986.7,SprintJump,15,-741.7,True,"barrier:NorthBarrier/Fence/BayCollider",1966.10,"BayCollider (NorthBarrier)",24.9,24.4,0,8.01
1986.7,SprintJump,16,-703.7,True,"barrier:NorthBarrier/Fence/BayCollider",1966.10,"BayCollider (NorthBarrier)",42.0,24.4,0,8.01
1986.7,SprintJump,17,-665.7,True,"barrier:NorthBarrier/Fence/BayCollider",1966.10,"BayCollider (NorthBarrier)",42.0,24.4,0,8.01
1986.7,SprintJump,18,-627.7,True,"barrier:NorthBarrier/Fence/BayCollider",1966.10,"BayCollider (NorthBarrier)",24.9,24.4,0,8.01
1986.7,SprintJump,19,-589.7,True,"barrier:NorthBarrier/Fence/BayCollider",1966.10,"BayCollider (NorthBarrier)",24.9,24.4,0,8.01
1986.7,SprintJump,20,-551.7,True,"barrier:NorthBarrier/Fence/BayCollider",1966.10,"BayCollider (NorthBarrier)",42.0,24.4,0,8.01
1986.7,SprintJump,21,-514.7,True,"barrier:NorthBarrier/Fence/BayCollider",1966.10,"BayCollider (NorthBarrier)",42.0,24.4,0,8.01
1986.7,SprintJump,22,-476.7,True,"barrier:NorthBarrier/Fence/BayCollider",1966.10,"BayCollider (NorthBarrier)",24.9,24.4,0,8.01
1986.7,SprintJump,23,-438.7,True,"barrier:NorthBarrier/Fence/BayCollider",1966.10,"BayCollider (NorthBarrier)",24.9,24.4,0,8.01
1986.7,SprintJump,24,-400.7,True,"barrier:NorthBarrier/Fence/BayCollider",1966.10,"BayCollider (NorthBarrier)",24.9,24.4,0,8.01
1986.7,SprintJump,25,-363.7,True,"barrier:NorthBarrier/Fence/BayCollider",1966.10,"BayCollider (NorthBarrier)",24.9,24.4,0,8.01
1986.7,SprintJump,26,-325.7,True,"barrier:NorthBarrier/Fence/BayCollider",1966.10,"BayCollider (NorthBarrier)",24.9,24.4,0,8.01
1986.7,SprintJump,27,-287.7,True,"barrier:NorthBarrier/Fence/BayCollider",1966.10,"BayCollider (NorthBarrier)",24.9,24.4,0,8.01
1986.7,SprintJump,28,-249.7,True,"barrier:NorthBarrier/Fence/BayCollider",1966.10,"BayCollider (NorthBarrier)",24.9,24.4,0,8.01
1986.7,SprintJump,29,-212.7,True,"barrier:NorthBarrier/Fence/BayCollider",1966.10,"BayCollider (NorthBarrier)",24.9,24.4,0,8.01
1986.7,SprintJump,30,-174.7,True,"barrier:NorthBarrier/Fence/BayCollider",1966.10,"BayCollider (NorthBarrier)",24.9,24.4,0,8.01
1986.7,SprintJump,31,-136.7,True,"barrier:NorthBarrier/Fence/BayCollider",1966.10,"BayCollider (NorthBarrier)",24.9,24.4,0,8.01
1986.7,SprintJump,32,-98.7,True,"barrier:NorthBarrier/Fence/BayCollider",1966.10,"BayCollider (NorthBarrier)",24.9,24.4,0,8.01
1986.7,SprintJump,33,-60.7,True,"barrier:NorthBarrier/Fence/BayCollider",1966.10,"BayCollider (NorthBarrier)",24.9,24.4,0,8.01
1986.7,SprintJump,34,-23.7,True,"barrier:NorthBarrier/Fence/BayCollider",1966.10,"BayCollider (NorthBarrier)",24.9,24.4,0,8.01
1986.7,SprintJump,35,14.3,True,"barrier:NorthBarrier/Fence/BayCollider",1966.10,"BayCollider (NorthBarrier)",24.9,24.4,0,8.01
1986.7,SprintJump,36,52.3,True,"barrier:NorthBarrier/Fence/BayCollider",1966.10,"BayCollider (NorthBarrier)",24.9,24.4,0,8.01
1986.7,SprintJump,37,90.3,True,"barrier:NorthBarrier/Fence/BayCollider",1966.10,"BayCollider (NorthBarrier)",24.9,24.4,0,8.01
1986.7,SprintJump,38,127.3,True,"barrier:NorthBarrier/Fence/BayCollider",1966.10,"BayCollider (NorthBarrier)",42.0,24.4,0,8.01
1986.7,SprintJump,39,165.3,True,"barrier:NorthBarrier/Fence/BayCollider",1966.10,"BayCollider (NorthBarrier)",24.9,24.4,0,8.01
1986.7,SprintJump,40,203.3,True,"barrier:NorthBarrier/Fence/BayCollider",1966.10,"BayCollider (NorthBarrier)",24.9,24.4,0,8.01
1986.7,SprintJump,41,241.3,True,"barrier:NorthBarrier/Fence/BayCollider",1966.10,"BayCollider (NorthBarrier)",24.9,24.4,0,8.01
1986.7,SprintJump,42,279.3,True,"barrier:NorthBarrier/Fence/BayCollider",1966.10,"BayCollider (NorthBarrier)",42.0,24.4,0,8.01
1986.7,SprintJump,43,316.3,True,"barrier:NorthBarrier/Fence/BayCollider",1966.10,"BayCollider (NorthBarrier)",24.9,24.4,0,8.01
1986.7,SprintJump,44,354.3,True,"barrier:NorthBarrier/Fence/BayCollider",1966.10,"BayCollider (NorthBarrier)",24.9,24.4,0,8.01
1986.7,SprintJump,45,392.3,True,"barrier:NorthBarrier/Fence/BayCollider",1966.10,"BayCollider (NorthBarrier)",42.0,24.4,0,8.01
1986.7,SprintJump,46,430.3,True,"barrier:NorthBarrier/Fence/BayCollider",1966.10,"BayCollider (NorthBarrier)",42.0,24.4,0,8.01
1986.7,SprintJump,47,467.3,True,"barrier:NorthBarrier/Fence/BayCollider",1966.10,"BayCollider (NorthBarrier)",24.9,24.4,0,8.01
1986.7,SprintJump,48,505.3,True,"barrier:NorthBarrier/Fence/BayCollider",1966.10,"BayCollider (NorthBarrier)",24.9,24.4,0,8.01
1986.7,SprintJump,49,543.3,True,"barrier:NorthBarrier/Fence/BayCollider",1966.10,"BayCollider (NorthBarrier)",41.0,23.4,0,8.01
1986.7,Off30Left,0,-1307.7,True,"barrier:NorthBarrier/Fence/BayCollider",1966.11,"BayCollider (NorthBarrier)",28.7,36.5,0,5.01
1986.7,Off30Left,1,-1269.7,True,"barrier:NorthBarrier/Fence/BayCollider",1966.11,"BayCollider (NorthBarrier)",48.5,36.5,0,5.01
1986.7,Off30Left,2,-1231.7,True,"barrier:NorthBarrier/Fence/BayCollider",1966.11,"BayCollider (NorthBarrier)",28.7,36.5,0,5.01
1986.7,Off30Left,3,-1194.7,True,"barrier:NorthBarrier/Fence/BayCollider",1966.11,"BayCollider (NorthBarrier)",28.7,36.5,0,5.01
1986.7,Off30Left,4,-1156.7,True,"barrier:NorthBarrier/Fence/BayCollider",1966.11,"BayCollider (NorthBarrier)",28.7,36.5,0,5.01
1986.7,Off30Left,5,-1118.7,True,"barrier:NorthBarrier/Fence/BayCollider",1966.11,"BayCollider (NorthBarrier)",28.7,36.5,0,5.01
1986.7,Off30Left,6,-1080.7,True,"barrier:NorthBarrier/Dressing/Rubble/Rock_Medium_1",1963.05,"Rock_Medium_1 (NorthBarrier)",48.5,24.1,0,5.01
1986.7,Off30Left,7,-1043.7,True,"barrier:NorthBarrier/Fence/BayCollider",1966.11,"BayCollider (NorthBarrier)",48.5,36.5,0,5.01
1986.7,Off30Left,8,-1005.7,True,"barrier:NorthBarrier/Fence/BayCollider",1966.11,"BayCollider (NorthBarrier)",48.5,36.5,0,5.01
1986.7,Off30Left,9,-967.7,True,"barrier:NorthBarrier/Fence/BayCollider",1966.11,"BayCollider (NorthBarrier)",28.7,36.5,0,5.01
1986.7,Off30Left,10,-929.7,True,"barrier:NorthBarrier/Fence/BayCollider",1966.11,"BayCollider (NorthBarrier)",28.7,36.5,0,5.01
1986.7,Off30Left,11,-891.7,True,"barrier:NorthBarrier/Fence/BayCollider",1966.11,"BayCollider (NorthBarrier)",28.7,36.5,0,5.01
1986.7,Off30Left,12,-854.7,True,"barrier:NorthBarrier/Fence/BayCollider",1966.11,"BayCollider (NorthBarrier)",28.7,36.5,0,5.01
1986.7,Off30Left,13,-816.7,True,"barrier:NorthBarrier/Fence/BayCollider",1966.11,"BayCollider (NorthBarrier)",28.7,36.5,0,5.01
1986.7,Off30Left,14,-778.7,True,"barrier:NorthBarrier/Fence/BayCollider",1966.11,"BayCollider (NorthBarrier)",23.5,36.1,0,5.67
1986.7,Off30Left,15,-740.7,True,"barrier:NorthBarrier/Fence/BayCollider",1966.11,"BayCollider (NorthBarrier)",48.5,36.5,0,5.01
1986.7,Off30Left,16,-703.7,True,"barrier:NorthBarrier/Fence/BayCollider",1966.11,"BayCollider (NorthBarrier)",48.5,36.5,0,5.01
1986.7,Off30Left,17,-665.7,True,"barrier:NorthBarrier/Fence/BayCollider",1966.11,"BayCollider (NorthBarrier)",28.7,36.5,0,5.01
1986.7,Off30Left,18,-627.7,True,"barrier:NorthBarrier/Fence/BayCollider",1966.11,"BayCollider (NorthBarrier)",48.5,36.5,0,5.01
1986.7,Off30Left,19,-589.7,True,"barrier:NorthBarrier/Fence/BayCollider",1966.13,"BayCollider (NorthBarrier)",47.5,31.0,0,5.01
1986.7,Off30Left,20,-551.7,True,"barrier:NorthBarrier/Fence/BayCollider",1966.11,"BayCollider (NorthBarrier)",48.5,36.5,0,5.01
1986.7,Off30Left,21,-514.7,True,"barrier:NorthBarrier/Fence/BayCollider",1966.11,"BayCollider (NorthBarrier)",28.7,36.5,0,5.01
1986.7,Off30Left,22,-476.7,True,"barrier:NorthBarrier/Fence/BayCollider",1966.11,"BayCollider (NorthBarrier)",28.7,36.5,0,5.01
1986.7,Off30Left,23,-438.7,True,"barrier:NorthBarrier/Fence/BayCollider",1966.11,"BayCollider (NorthBarrier)",28.7,36.5,0,5.01
1986.7,Off30Left,24,-400.7,True,"barrier:NorthBarrier/Fence/BayCollider",1966.16,"BayCollider (NorthBarrier)",28.7,32.9,0,5.01
1986.7,Off30Left,25,-363.7,True,"barrier:NorthBarrier/Fence/BayCollider",1966.11,"BayCollider (NorthBarrier)",28.7,36.5,0,5.01
1986.7,Off30Left,26,-325.7,True,"barrier:NorthBarrier/Fence/BayCollider",1966.11,"BayCollider (NorthBarrier)",28.7,36.5,0,5.01
1986.7,Off30Left,27,-287.7,True,"barrier:NorthBarrier/Fence/BayCollider",1966.11,"BayCollider (NorthBarrier)",28.7,36.5,0,5.01
1986.7,Off30Left,28,-249.7,True,"barrier:NorthBarrier/Fence/BayCollider",1966.11,"BayCollider (NorthBarrier)",28.7,36.5,0,5.01
1986.7,Off30Left,29,-212.7,True,"reach",1963.13,"nothing within 3 m (slope 4 deg underfoot)",24.8,24.7,0,5.01
1986.7,Off30Left,30,-174.7,True,"barrier:NorthBarrier/Fence/BayCollider",1966.11,"BayCollider (NorthBarrier)",28.7,36.5,0,5.01
1986.7,Off30Left,31,-136.7,True,"barrier:NorthBarrier/Fence/BayCollider",1966.11,"BayCollider (NorthBarrier)",28.7,36.5,0,5.01
1986.7,Off30Left,32,-98.7,True,"barrier:NorthBarrier/Fence/BayCollider",1966.11,"BayCollider (NorthBarrier)",28.7,36.5,0,5.01
1986.7,Off30Left,33,-60.7,True,"barrier:NorthBarrier/Fence/BayCollider",1966.11,"BayCollider (NorthBarrier)",28.7,36.5,0,5.01
1986.7,Off30Left,34,-23.7,True,"barrier:NorthBarrier/Fence/BayCollider",1966.11,"BayCollider (NorthBarrier)",28.7,36.5,0,5.01
1986.7,Off30Left,35,14.3,True,"barrier:NorthBarrier/Dressing/Rubble/Rock_Medium_1",1966.12,"Rock_Medium_1 (NorthBarrier)",28.7,28.1,0,5.01
1986.7,Off30Left,36,52.3,True,"barrier:NorthBarrier/Fence/BayCollider",1966.11,"BayCollider (NorthBarrier)",48.5,36.6,0,5.01
1986.7,Off30Left,37,90.3,True,"barrier:NorthBarrier/Fence/BayCollider",1966.11,"BayCollider (NorthBarrier)",48.5,36.5,0,5.01
1986.7,Off30Left,38,127.3,True,"barrier:NorthBarrier/Fence/BayCollider",1966.11,"BayCollider (NorthBarrier)",48.5,36.5,0,5.01
1986.7,Off30Left,39,165.3,True,"barrier:NorthBarrier/Fence/BayCollider",1966.11,"BayCollider (NorthBarrier)",28.7,36.5,0,5.01
1986.7,Off30Left,40,203.3,True,"barrier:NorthBarrier/Fence/BayCollider",1966.11,"BayCollider (NorthBarrier)",28.7,36.5,0,5.01
1986.7,Off30Left,41,241.3,True,"barrier:NorthBarrier/Fence/BayCollider",1966.11,"BayCollider (NorthBarrier)",48.5,36.5,0,5.01
1986.7,Off30Left,42,279.3,True,"barrier:NorthBarrier/Fence/BayCollider",1966.11,"BayCollider (NorthBarrier)",28.7,36.5,0,5.01
1986.7,Off30Left,43,316.3,True,"barrier:NorthBarrier/Fence/BayCollider",1966.11,"BayCollider (NorthBarrier)",28.7,36.5,0,5.01
1986.7,Off30Left,44,354.3,True,"barrier:NorthBarrier/Fence/BayCollider",1966.11,"BayCollider (NorthBarrier)",28.7,36.5,0,5.01
1986.7,Off30Left,45,392.3,True,"barrier:NorthBarrier/Fence/BayCollider",1966.11,"BayCollider (NorthBarrier)",48.5,36.0,0,5.01
1986.7,Off30Left,46,430.3,True,"barrier:NorthBarrier/Fence/BayCollider",1966.10,"BayCollider (NorthBarrier)",48.5,26.9,0,5.01
1986.7,Off30Left,47,467.3,True,"barrier:NorthBarrier/Fence/BayCollider",1966.11,"BayCollider (NorthBarrier)",48.5,36.5,0,5.01
1986.7,Off30Left,48,505.3,True,"barrier:NorthBarrier/Fence/BayCollider",1966.11,"BayCollider (NorthBarrier)",48.5,36.5,0,5.01
1986.7,Off30Left,49,543.3,False,"-",1959.98,"terrain slope (45 deg)",28.5,0.9,0,5.00
1986.7,Off30Left,49,531.3,False,"-",1964.81,"terrain slope (45 deg)",34.5,7.5,0,5.01
1986.7,Off30Left,49,530.3,True,"barrier:NorthBarrier/Fence/BayCollider",1966.11,"BayCollider (NorthBarrier)",35.5,23.4,0,5.01
1986.7,Off30Right,0,-1307.7,False,"-",1951.73,"terrain slope (47 deg)",38.5,1.6,0,5.01
1986.7,Off30Right,1,-1269.7,True,"barrier:NorthBarrier/Fence/BayCollider",1966.11,"BayCollider (NorthBarrier)",26.7,34.5,0,5.01
1986.7,Off30Right,2,-1231.7,True,"barrier:NorthBarrier/Fence/BayCollider",1966.11,"BayCollider (NorthBarrier)",28.7,36.5,0,5.01
1986.7,Off30Right,3,-1194.7,True,"barrier:NorthBarrier/Fence/BayCollider",1966.11,"BayCollider (NorthBarrier)",28.7,36.5,0,5.01
1986.7,Off30Right,4,-1156.7,True,"barrier:NorthBarrier/Fence/BayCollider",1966.11,"BayCollider (NorthBarrier)",28.7,36.5,0,5.01
1986.7,Off30Right,5,-1118.7,True,"barrier:NorthBarrier/Fence/BayCollider",1966.11,"BayCollider (NorthBarrier)",28.7,36.5,0,5.01
1986.7,Off30Right,6,-1080.7,True,"barrier:NorthBarrier/Fence/BayCollider",1966.11,"BayCollider (NorthBarrier)",23.7,36.5,0,5.01
1986.7,Off30Right,7,-1043.7,True,"barrier:NorthBarrier/Fence/BayCollider",1966.11,"BayCollider (NorthBarrier)",48.5,36.5,0,5.01
1986.7,Off30Right,8,-1005.7,True,"barrier:NorthBarrier/Fence/BayCollider",1966.11,"BayCollider (NorthBarrier)",48.5,36.5,0,5.01
1986.7,Off30Right,9,-967.7,True,"barrier:NorthBarrier/Fence/BayCollider",1966.11,"BayCollider (NorthBarrier)",48.5,35.4,0,5.01
1986.7,Off30Right,10,-929.7,True,"barrier:NorthBarrier/Fence/BayCollider",1966.11,"BayCollider (NorthBarrier)",28.7,36.5,0,5.01
1986.7,Off30Right,11,-891.7,True,"barrier:NorthBarrier/Fence/BayCollider",1966.11,"BayCollider (NorthBarrier)",28.7,36.5,0,5.01
1986.7,Off30Right,12,-854.7,True,"barrier:NorthBarrier/Fence/BayCollider",1966.11,"BayCollider (NorthBarrier)",28.7,36.5,0,5.01
1986.7,Off30Right,13,-816.7,True,"barrier:NorthBarrier/Fence/BayCollider",1966.11,"BayCollider (NorthBarrier)",28.7,36.5,0,5.01
1986.7,Off30Right,14,-778.7,True,"barrier:NorthBarrier/Washout/Scour",1960.58,"Scour (NorthBarrier)",22.4,21.7,0,5.01
1986.7,Off30Right,15,-740.7,True,"barrier:NorthBarrier/Fence/BayCollider",1966.14,"BayCollider (NorthBarrier)",28.7,34.9,0,5.01
1986.7,Off30Right,16,-703.7,True,"barrier:NorthBarrier/Fence/BayCollider",1966.11,"BayCollider (NorthBarrier)",48.5,36.5,0,5.01
1986.7,Off30Right,17,-665.7,True,"barrier:NorthBarrier/Dressing/ConcreteBlock",1963.61,"ConcreteBlock (NorthBarrier)",48.5,26.5,0,5.01
1986.7,Off30Right,18,-627.7,True,"barrier:NorthBarrier/Fence/BayCollider",1966.11,"BayCollider (NorthBarrier)",28.7,36.8,0,5.01
1986.7,Off30Right,19,-589.7,True,"barrier:NorthBarrier/Fence/BayCollider",1966.11,"BayCollider (NorthBarrier)",28.7,34.0,0,5.01
1986.7,Off30Right,20,-551.7,True,"barrier:NorthBarrier/Fence/BayCollider",1966.11,"BayCollider (NorthBarrier)",28.7,36.5,0,5.01
1986.7,Off30Right,21,-514.7,True,"barrier:NorthBarrier/Fence/BayCollider",1966.11,"BayCollider (NorthBarrier)",28.7,36.5,0,5.01
1986.7,Off30Right,22,-476.7,True,"barrier:NorthBarrier/Fence/BayCollider",1966.11,"BayCollider (NorthBarrier)",48.5,36.5,0,5.01
1986.7,Off30Right,23,-438.7,True,"barrier:NorthBarrier/Fence/BayCollider",1966.11,"BayCollider (NorthBarrier)",48.5,36.5,0,5.01
1986.7,Off30Right,24,-400.7,True,"barrier:NorthBarrier/Fence/BayCollider",1966.11,"BayCollider (NorthBarrier)",48.5,34.7,0,5.01
1986.7,Off30Right,25,-363.7,True,"barrier:NorthBarrier/Fence/BayCollider",1966.11,"BayCollider (NorthBarrier)",48.5,36.5,0,5.01
1986.7,Off30Right,26,-325.7,True,"barrier:NorthBarrier/Fence/BayCollider",1966.11,"BayCollider (NorthBarrier)",48.5,36.4,0,5.01
1986.7,Off30Right,27,-287.7,True,"barrier:NorthBarrier/Fence/BayCollider",1966.11,"BayCollider (NorthBarrier)",28.7,36.5,0,5.01
1986.7,Off30Right,28,-249.7,True,"barrier:NorthBarrier/Fence/BayCollider",1966.11,"BayCollider (NorthBarrier)",28.7,36.5,0,5.01
1986.7,Off30Right,29,-212.7,True,"barrier:NorthBarrier/Fence/BayCollider",1966.11,"BayCollider (NorthBarrier)",48.5,36.5,0,5.01
1986.7,Off30Right,30,-174.7,True,"barrier:NorthBarrier/Fence/BayCollider",1966.11,"BayCollider (NorthBarrier)",28.7,36.5,0,5.01
1986.7,Off30Right,31,-136.7,True,"barrier:NorthBarrier/Fence/BayCollider",1966.11,"BayCollider (NorthBarrier)",48.5,36.5,0,5.01
1986.7,Off30Right,32,-98.7,True,"barrier:NorthBarrier/Fence/BayCollider",1966.11,"BayCollider (NorthBarrier)",48.5,36.5,0,5.01
1986.7,Off30Right,33,-60.7,True,"barrier:NorthBarrier/Fence/BayCollider",1966.11,"BayCollider (NorthBarrier)",48.5,36.5,0,5.01
1986.7,Off30Right,34,-23.7,True,"barrier:NorthBarrier/Fence/BayCollider",1966.11,"BayCollider (NorthBarrier)",28.7,36.5,0,5.01
1986.7,Off30Right,35,14.3,True,"barrier:NorthBarrier/Fence/BayCollider",1966.11,"BayCollider (NorthBarrier)",48.5,36.5,0,5.01
1986.7,Off30Right,36,52.3,True,"barrier:NorthBarrier/Fence/BayCollider",1966.11,"BayCollider (NorthBarrier)",28.7,36.5,0,5.01
1986.7,Off30Right,37,90.3,True,"barrier:NorthBarrier/Fence/BayCollider",1966.11,"BayCollider (NorthBarrier)",28.7,36.5,0,5.01
1986.7,Off30Right,38,127.3,True,"barrier:NorthBarrier/Fence/BayCollider",1966.11,"BayCollider (NorthBarrier)",28.7,36.5,0,5.01
1986.7,Off30Right,39,165.3,True,"barrier:NorthBarrier/Fence/BayCollider",1966.11,"BayCollider (NorthBarrier)",48.5,36.5,0,5.01
1986.7,Off30Right,40,203.3,True,"barrier:NorthBarrier/Fence/BayCollider",1966.11,"BayCollider (NorthBarrier)",48.5,36.5,0,5.01
1986.7,Off30Right,41,241.3,True,"barrier:NorthBarrier/Dressing/Rubble/Rock_Medium_3",1961.18,"Rock_Medium_3 (NorthBarrier)",28.7,22.9,0,5.01
1986.7,Off30Right,42,279.3,True,"barrier:NorthBarrier/Fence/BayCollider",1966.11,"BayCollider (NorthBarrier)",28.7,36.5,0,5.01
1986.7,Off30Right,43,316.3,True,"barrier:NorthBarrier/Fence/BayCollider",1966.11,"BayCollider (NorthBarrier)",48.5,36.5,0,5.01
1986.7,Off30Right,44,354.3,True,"barrier:NorthBarrier/Fence/BayCollider",1966.11,"BayCollider (NorthBarrier)",48.5,36.5,0,5.01
1986.7,Off30Right,45,392.3,True,"barrier:NorthBarrier/Fence/BayCollider",1966.11,"BayCollider (NorthBarrier)",48.5,36.5,0,5.01
1986.7,Off30Right,46,430.3,True,"barrier:NorthBarrier/Fence/BayCollider",1966.11,"BayCollider (NorthBarrier)",48.5,36.5,0,5.01
1986.7,Off30Right,47,467.3,True,"barrier:NorthBarrier/Fence/BayCollider",1966.11,"BayCollider (NorthBarrier)",28.7,36.5,0,5.01
1986.7,Off30Right,48,505.3,True,"barrier:NorthBarrier/Fence/BayCollider",1966.11,"BayCollider (NorthBarrier)",28.7,36.5,0,5.01
1986.7,Off30Right,49,543.3,True,"barrier:NorthBarrier/Fence/BayCollider",1966.11,"BayCollider (NorthBarrier)",28.7,36.5,0,5.01
1986.7,Off60Left,0,-1307.7,True,"barrier:NorthBarrier/Fence/BayCollider",1966.13,"BayCollider (NorthBarrier)",84.0,86.8,0,5.01
1986.7,Off60Left,1,-1269.7,True,"barrier:NorthBarrier/Fence/BayCollider",1966.13,"BayCollider (NorthBarrier)",49.7,86.8,0,5.01
1986.7,Off60Left,2,-1231.7,True,"barrier:NorthBarrier/Fence/BayCollider",1966.14,"BayCollider (NorthBarrier)",49.7,86.8,0,5.01
1986.7,Off60Left,3,-1194.7,True,"barrier:NorthBarrier/Fence/BayCollider",1966.13,"BayCollider (NorthBarrier)",46.0,86.0,0,5.01
1986.7,Off60Left,4,-1156.7,True,"barrier:NorthBarrier/Fence/BayCollider",1966.13,"BayCollider (NorthBarrier)",84.0,86.8,0,5.01
1986.7,Off60Left,5,-1118.7,True,"barrier:NorthBarrier/Fence/BayCollider",1966.14,"BayCollider (NorthBarrier)",84.0,58.4,0,5.01
1986.7,Off60Left,6,-1080.7,True,"barrier:NorthBarrier/Fence/BayCollider",1966.13,"BayCollider (NorthBarrier)",84.0,66.2,0,5.01
1986.7,Off60Left,7,-1043.7,True,"barrier:NorthBarrier/Fence/BayCollider",1966.13,"BayCollider (NorthBarrier)",84.0,86.8,0,5.00
1986.7,Off60Left,8,-1005.7,True,"barrier:NorthBarrier/Fence/BayCollider",1966.13,"BayCollider (NorthBarrier)",84.0,86.8,0,5.00
1986.7,Off60Left,9,-967.7,True,"barrier:NorthBarrier/Fence/BayCollider",1966.13,"BayCollider (NorthBarrier)",49.7,86.8,0,5.00
1986.7,Off60Left,10,-929.7,True,"barrier:NorthBarrier/Fence/BayCollider",1966.13,"BayCollider (NorthBarrier)",43.0,86.8,0,5.00
1986.7,Off60Left,11,-891.7,True,"barrier:NorthBarrier/Fence/BayCollider",1966.13,"BayCollider (NorthBarrier)",49.7,86.8,0,5.00
1986.7,Off60Left,12,-854.7,True,"barrier:NorthBarrier/Fence/BayCollider",1966.13,"BayCollider (NorthBarrier)",45.2,86.0,0,5.00
1986.7,Off60Left,13,-816.7,True,"barrier:NorthBarrier/Fence/BayCollider",1966.13,"BayCollider (NorthBarrier)",49.7,53.3,0,5.00
1986.7,Off60Left,14,-778.7,True,"barrier:NorthBarrier/Dressing/Rubble/Brick_Plain_1",1963.95,"Brick_Plain_1 (NorthBarrier)",84.0,43.5,0,5.00
1986.7,Off60Left,15,-740.7,True,"barrier:NorthBarrier/Fence/BayCollider",1966.13,"BayCollider (NorthBarrier)",84.0,86.8,0,5.00
1986.7,Off60Left,16,-703.7,True,"barrier:NorthBarrier/Fence/BayCollider",1966.13,"BayCollider (NorthBarrier)",84.0,86.8,0,5.00
1986.7,Off60Left,17,-665.7,True,"barrier:NorthBarrier/Fence/BayCollider",1966.13,"BayCollider (NorthBarrier)",84.0,54.6,0,5.00
1986.7,Off60Left,18,-627.7,True,"barrier:NorthBarrier/Fence/BayCollider",1966.13,"BayCollider (NorthBarrier)",84.0,85.5,0,5.00
1986.7,Off60Left,19,-589.7,True,"barrier:NorthBarrier/Dressing/Rubble/Entrance_Concrete_2x1",1966.13,"Entrance_Concrete_2x1 (NorthBarrier)",84.0,76.0,0,5.00
1986.7,Off60Left,20,-551.7,True,"barrier:NorthBarrier/Fence/BayCollider",1966.13,"BayCollider (NorthBarrier)",84.0,86.8,0,5.00
1986.7,Off60Left,21,-514.7,True,"barrier:NorthBarrier/Fence/BayCollider",1966.13,"BayCollider (NorthBarrier)",84.0,86.8,0,5.00
1986.7,Off60Left,22,-476.7,True,"barrier:NorthBarrier/Fence/BayCollider",1966.13,"BayCollider (NorthBarrier)",84.0,86.5,0,5.00
1986.7,Off60Left,23,-438.7,True,"barrier:NorthBarrier/Fence/BayCollider",1966.13,"BayCollider (NorthBarrier)",84.0,86.8,0,5.00
1986.7,Off60Left,24,-400.7,True,"barrier:NorthBarrier/Fence/BayCollider",1966.18,"BayCollider (NorthBarrier)",84.0,86.2,0,5.00
1986.7,Off60Left,25,-363.7,True,"barrier:NorthBarrier/Fence/BayCollider",1966.13,"BayCollider (NorthBarrier)",84.0,86.8,0,5.00
1986.7,Off60Left,26,-325.7,True,"barrier:NorthBarrier/Fence/BayCollider",1966.13,"BayCollider (NorthBarrier)",84.0,86.8,0,5.00
1986.7,Off60Left,27,-287.7,True,"barrier:NorthBarrier/Dressing/ConcreteBlock",1963.41,"ConcreteBlock (NorthBarrier)",44.4,43.5,0,5.00
1986.7,Off60Left,28,-249.7,True,"barrier:NorthBarrier/Fence/BayCollider",1966.13,"BayCollider (NorthBarrier)",49.7,86.8,0,5.00
1986.7,Off60Left,29,-212.7,True,"barrier:NorthBarrier/Fence/BayCollider",1966.15,"BayCollider (NorthBarrier)",84.0,71.7,0,5.00
1986.7,Off60Left,30,-174.7,True,"barrier:NorthBarrier/Fence/BayCollider",1966.13,"BayCollider (NorthBarrier)",84.0,86.8,0,5.00
1986.7,Off60Left,31,-136.7,True,"barrier:NorthBarrier/Fence/BayCollider",1966.13,"BayCollider (NorthBarrier)",84.0,86.8,0,5.00
1986.7,Off60Left,32,-98.7,True,"barrier:NorthBarrier/Fence/BayCollider",1966.13,"BayCollider (NorthBarrier)",49.7,86.8,0,5.00
1986.7,Off60Left,33,-60.7,True,"barrier:NorthBarrier/Fence/BayCollider",1966.13,"BayCollider (NorthBarrier)",84.0,86.8,0,5.00
1986.7,Off60Left,34,-23.7,True,"barrier:NorthBarrier/Fence/BayCollider",1966.13,"BayCollider (NorthBarrier)",49.7,86.4,0,5.00
1986.7,Off60Left,35,14.3,True,"barrier:NorthBarrier/Dressing/Rubble/Rock_Medium_1",1966.13,"Rock_Medium_1 (NorthBarrier)",84.0,69.8,0,5.00
1986.7,Off60Left,36,52.3,True,"barrier:NorthBarrier/Dressing/Rubble/Rock_Medium_3",1966.13,"Rock_Medium_3 (NorthBarrier)",84.0,61.8,0,5.00
1986.7,Off60Left,37,90.3,True,"barrier:NorthBarrier/Fence/BayCollider",1966.13,"BayCollider (NorthBarrier)",49.7,86.8,0,5.00
1986.7,Off60Left,38,127.3,True,"barrier:NorthBarrier/Fence/BayCollider",1966.13,"BayCollider (NorthBarrier)",84.0,86.8,0,5.00
1986.7,Off60Left,39,165.3,True,"barrier:NorthBarrier/Fence/BayCollider",1966.13,"BayCollider (NorthBarrier)",49.7,86.8,0,5.00
1986.7,Off60Left,40,203.3,True,"barrier:NorthBarrier/Fence/BayCollider",1966.14,"BayCollider (NorthBarrier)",84.0,55.3,0,5.00
1986.7,Off60Left,41,241.3,True,"barrier:NorthBarrier/Fence/BayCollider",1966.13,"BayCollider (NorthBarrier)",49.7,86.8,0,5.00
1986.7,Off60Left,42,279.3,True,"barrier:NorthBarrier/Fence/BayCollider",1966.13,"BayCollider (NorthBarrier)",84.0,86.8,0,5.00
1986.7,Off60Left,43,316.3,True,"barrier:NorthBarrier/Fence/BayCollider",1966.13,"BayCollider (NorthBarrier)",84.0,86.8,0,5.00
1986.7,Off60Left,44,354.3,True,"barrier:NorthBarrier/Fence/BayCollider",1966.13,"BayCollider (NorthBarrier)",84.0,86.8,0,5.00
1986.7,Off60Left,45,392.3,False,"-",1966.10,"terrain slope (47 deg)",84.0,36.4,0,5.00
1986.7,Off60Left,46,430.3,False,"-",1966.13,"terrain slope (48 deg)",84.0,66.7,0,5.00
1986.7,Off60Left,46,435.3,False,"-",1966.13,"terrain slope (48 deg)",84.0,71.0,0,5.00
1986.7,Off60Left,46,436.3,False,"-",1966.13,"terrain slope (48 deg)",84.0,71.9,0,5.00
1986.7,Off60Left,46,437.3,False,"-",1966.13,"terrain slope (48 deg)",84.0,72.8,0,5.00
1986.7,Off60Left,46,438.3,False,"-",1966.13,"terrain slope (48 deg)",84.0,73.6,0,5.00
1986.7,Off60Left,46,439.3,False,"-",1966.13,"terrain slope (48 deg)",84.0,74.5,0,5.00
1986.7,Off60Left,47,467.3,False,"-",1943.44,"terrain slope (37 deg)",82.0,0.6,0,3.64
1986.7,Off60Left,47,469.3,False,"-",1943.71,"terrain slope (42 deg)",80.0,0.4,0,4.33
1986.7,Off60Left,47,471.3,True,"barrier:NorthBarrier/Fence/BayCollider",1966.13,"BayCollider (NorthBarrier)",77.0,79.8,0,5.00
1986.7,Off60Left,48,505.3,True,"barrier:NorthBarrier/Fence/BayCollider",1966.13,"BayCollider (NorthBarrier)",51.0,47.1,0,5.00
1986.7,Off60Right,0,-1307.7,False,"-",1960.75,"terrain slope (58 deg)",47.0,18.1,0,5.01
1986.7,Off60Right,1,-1269.7,False,"-",1952.43,"terrain slope (48 deg)",65.0,2.3,0,5.01
1986.7,Off60Right,2,-1231.7,False,"-",1943.13,"terrain slope (36 deg)",83.0,18.5,0,5.01
1986.7,Off60Right,2,-1217.7,True,"barrier:NorthBarrier/Fence/BayCollider",1966.14,"BayCollider (NorthBarrier)",46.7,83.8,0,5.01
1986.7,Off60Right,3,-1194.7,True,"barrier:NorthBarrier/Fence/BayCollider",1966.14,"BayCollider (NorthBarrier)",49.7,86.8,0,5.01
1986.7,Off60Right,4,-1156.7,True,"barrier:NorthBarrier/Fence/BayCollider",1966.13,"BayCollider (NorthBarrier)",49.7,86.8,0,5.01
1986.7,Off60Right,5,-1118.7,True,"barrier:NorthBarrier/Fence/BayCollider",1966.13,"BayCollider (NorthBarrier)",49.7,77.2,0,5.01
1986.7,Off60Right,6,-1080.7,True,"barrier:NorthBarrier/Fence/BayCollider",1966.13,"BayCollider (NorthBarrier)",49.7,67.3,0,5.01
1986.7,Off60Right,7,-1043.7,True,"barrier:NorthBarrier/Fence/BayCollider",1966.13,"BayCollider (NorthBarrier)",49.7,55.2,0,5.01
1986.7,Off60Right,8,-1005.7,True,"barrier:NorthBarrier/Fence/BayCollider",1966.13,"BayCollider (NorthBarrier)",49.7,86.8,0,5.01
1986.7,Off60Right,9,-967.7,True,"barrier:NorthBarrier/Fence/BayCollider",1966.13,"BayCollider (NorthBarrier)",49.7,86.8,0,5.01
1986.7,Off60Right,10,-929.7,True,"barrier:NorthBarrier/Fence/BayCollider",1966.13,"BayCollider (NorthBarrier)",49.7,86.8,0,5.00
1986.7,Off60Right,11,-891.7,True,"barrier:NorthBarrier/Fence/BayCollider",1966.13,"BayCollider (NorthBarrier)",49.7,86.8,0,5.00
1986.7,Off60Right,12,-854.7,True,"barrier:NorthBarrier/Fence/BayCollider",1966.13,"BayCollider (NorthBarrier)",49.7,86.8,0,5.00
1986.7,Off60Right,13,-816.7,True,"barrier:NorthBarrier/Fence/BayCollider",1966.13,"BayCollider (NorthBarrier)",49.7,86.8,0,5.00
1986.7,Off60Right,14,-778.7,True,"barrier:NorthBarrier/Fence/BayCollider",1966.13,"BayCollider (NorthBarrier)",44.4,70.5,0,5.00
1986.7,Off60Right,15,-740.7,True,"barrier:NorthBarrier/Washout/Scour",1957.89,"Scour (NorthBarrier)",32.5,32.1,0,5.00
1986.7,Off60Right,16,-703.7,True,"barrier:NorthBarrier/Fence/BayCollider",1966.14,"BayCollider (NorthBarrier)",49.7,48.9,0,5.00
1986.7,Off60Right,17,-665.7,True,"barrier:NorthBarrier/Fence/BayCollider",1966.13,"BayCollider (NorthBarrier)",49.7,86.8,0,5.00
1986.7,Off60Right,18,-627.7,True,"barrier:NorthBarrier/Fence/BayCollider",1966.13,"BayCollider (NorthBarrier)",84.0,61.2,0,5.00
1986.7,Off60Right,19,-589.7,True,"barrier:NorthBarrier/Fence/BayCollider",1966.13,"BayCollider (NorthBarrier)",49.7,79.5,0,5.00
1986.7,Off60Right,20,-551.7,True,"barrier:NorthBarrier/Fence/BayCollider",1966.13,"BayCollider (NorthBarrier)",84.0,46.6,0,5.00
1986.7,Off60Right,21,-514.7,True,"barrier:NorthBarrier/Fence/BayCollider",1966.13,"BayCollider (NorthBarrier)",84.0,84.9,0,5.00
1986.7,Off60Right,22,-476.7,True,"barrier:NorthBarrier/Fence/BayCollider",1966.13,"BayCollider (NorthBarrier)",49.7,86.8,0,5.00
1986.7,Off60Right,23,-438.7,True,"barrier:NorthBarrier/Fence/BayCollider",1966.13,"BayCollider (NorthBarrier)",84.0,86.8,0,5.00
1986.7,Off60Right,24,-400.7,True,"barrier:NorthBarrier/Checkpoint/Gate/LeafLeft/LeafCollider",1966.18,"LeafCollider (NorthBarrier)",84.0,83.7,0,5.00
1986.7,Off60Right,25,-363.7,True,"barrier:NorthBarrier/Fence/BayCollider",1966.18,"BayCollider (NorthBarrier)",84.0,85.8,0,5.00
1986.7,Off60Right,26,-325.7,True,"barrier:NorthBarrier/Fence/BayCollider",1966.13,"BayCollider (NorthBarrier)",84.0,86.8,0,5.00
1986.7,Off60Right,27,-287.7,True,"barrier:NorthBarrier/Fence/BayCollider",1966.13,"BayCollider (NorthBarrier)",84.0,85.6,0,5.00
1986.7,Off60Right,28,-249.7,True,"barrier:NorthBarrier/Fence/BayCollider",1966.13,"BayCollider (NorthBarrier)",84.0,86.8,0,5.00
1986.7,Off60Right,29,-212.7,True,"barrier:NorthBarrier/Fence/BayCollider",1966.13,"BayCollider (NorthBarrier)",84.0,86.5,0,5.00
1986.7,Off60Right,30,-174.7,True,"barrier:NorthBarrier/Fence/BayCollider",1966.13,"BayCollider (NorthBarrier)",84.0,53.6,0,5.00
1986.7,Off60Right,31,-136.7,True,"barrier:NorthBarrier/Fence/BayCollider",1966.13,"BayCollider (NorthBarrier)",49.7,86.8,0,5.00
1986.7,Off60Right,32,-98.7,True,"barrier:NorthBarrier/Fence/BayCollider",1966.13,"BayCollider (NorthBarrier)",84.0,86.8,0,5.00
1986.7,Off60Right,33,-60.7,True,"barrier:NorthBarrier/Fence/BayCollider",1966.13,"BayCollider (NorthBarrier)",84.0,86.8,0,5.00
1986.7,Off60Right,34,-23.7,True,"barrier:NorthBarrier/Fence/BayCollider",1966.13,"BayCollider (NorthBarrier)",84.0,86.8,0,5.00
1986.7,Off60Right,35,14.3,True,"barrier:NorthBarrier/Fence/BayCollider",1966.13,"BayCollider (NorthBarrier)",49.7,85.2,0,5.00
1986.7,Off60Right,36,52.3,True,"barrier:NorthBarrier/Fence/BayCollider",1966.13,"BayCollider (NorthBarrier)",84.0,52.3,0,5.00
1986.7,Off60Right,37,90.3,True,"barrier:NorthBarrier/Dressing/Rubble/Rock_Medium_3",1966.13,"Rock_Medium_3 (NorthBarrier)",49.7,60.8,0,5.00
1986.7,Off60Right,38,127.3,True,"barrier:NorthBarrier/Fence/BayCollider",1966.13,"BayCollider (NorthBarrier)",84.0,86.8,0,5.00
1986.7,Off60Right,39,165.3,True,"barrier:NorthBarrier/Fence/BayCollider",1966.13,"BayCollider (NorthBarrier)",84.0,86.8,0,5.00
1986.7,Off60Right,40,203.3,True,"barrier:NorthBarrier/Fence/BayCollider",1966.13,"BayCollider (NorthBarrier)",84.0,86.8,0,5.00
1986.7,Off60Right,41,241.3,True,"barrier:NorthBarrier/Fence/BayCollider",1966.13,"BayCollider (NorthBarrier)",84.0,66.7,0,5.00
1986.7,Off60Right,42,279.3,True,"barrier:NorthBarrier/Fence/BayCollider",1966.13,"BayCollider (NorthBarrier)",84.0,86.8,0,5.00
1986.7,Off60Right,43,316.3,True,"barrier:NorthBarrier/Fence/BayCollider",1966.13,"BayCollider (NorthBarrier)",49.7,86.8,0,5.00
1986.7,Off60Right,44,354.3,True,"reach",1966.13,"terrain slope (36 deg)",49.7,86.8,0,5.00
1986.7,Off60Right,45,392.3,True,"barrier:NorthBarrier/Fence/BayCollider",1966.13,"BayCollider (NorthBarrier)",84.0,86.8,0,5.00
1986.7,Off60Right,46,430.3,True,"barrier:NorthBarrier/Fence/BayCollider",1966.13,"BayCollider (NorthBarrier)",84.0,58.4,0,5.00
1986.7,Off60Right,47,467.3,True,"barrier:NorthBarrier/Fence/BayCollider",1966.13,"BayCollider (NorthBarrier)",49.7,86.8,0,5.00
1986.7,Off60Right,48,505.3,True,"barrier:NorthBarrier/Fence/BayCollider",1966.13,"BayCollider (NorthBarrier)",84.0,86.8,0,5.00
1986.7,Off60Right,49,543.3,True,"barrier:NorthBarrier/Fence/BayCollider",1966.13,"BayCollider (NorthBarrier)",84.0,86.8,0,5.00
1986.7,Fast50,0,-1307.7,False,"-",1959.02,"nothing within 3 m (slope 14 deg underfoot)",42.0,17.3,0,50.00
1986.7,Fast50,0,-1295.7,True,"barrier:NorthBarrier/Fence/BayCollider",1966.10,"BayCollider (NorthBarrier)",22.9,22.4,0,50.00
1986.7,Fast50,1,-1269.7,True,"barrier:NorthBarrier/Fence/BayCollider",1966.10,"BayCollider (NorthBarrier)",24.9,24.4,0,50.00
1986.7,Fast50,2,-1231.7,True,"barrier:NorthBarrier/Fence/BayCollider",1966.10,"BayCollider (NorthBarrier)",42.0,24.4,0,50.00
1986.7,Fast50,3,-1194.7,True,"barrier:NorthBarrier/Fence/BayCollider",1966.10,"BayCollider (NorthBarrier)",24.9,24.4,0,50.00
1986.7,Fast50,4,-1156.7,True,"barrier:NorthBarrier/Fence/BayCollider",1966.10,"BayCollider (NorthBarrier)",24.9,24.4,0,50.00
1986.7,Fast50,5,-1118.7,True,"barrier:NorthBarrier/Fence/BayCollider",1966.10,"BayCollider (NorthBarrier)",24.9,24.4,0,50.00
1986.7,Fast50,6,-1080.7,True,"barrier:NorthBarrier/Fence/BayCollider",1966.10,"BayCollider (NorthBarrier)",42.0,24.4,0,50.00
1986.7,Fast50,7,-1043.7,True,"barrier:NorthBarrier/Fence/BayCollider",1966.10,"BayCollider (NorthBarrier)",42.0,24.4,0,50.00
1986.7,Fast50,8,-1005.7,True,"barrier:NorthBarrier/Fence/BayCollider",1966.10,"BayCollider (NorthBarrier)",42.0,24.4,0,50.00
1986.7,Fast50,9,-967.7,True,"barrier:NorthBarrier/Fence/BayCollider",1966.10,"BayCollider (NorthBarrier)",24.9,24.4,0,50.00
1986.7,Fast50,10,-929.7,True,"barrier:NorthBarrier/Fence/BayCollider",1966.10,"BayCollider (NorthBarrier)",24.9,24.4,0,50.00
1986.7,Fast50,11,-891.7,True,"barrier:NorthBarrier/Fence/BayCollider",1966.10,"BayCollider (NorthBarrier)",24.9,24.4,0,50.00
1986.7,Fast50,12,-854.7,True,"barrier:NorthBarrier/Fence/BayCollider",1966.10,"BayCollider (NorthBarrier)",24.9,24.4,0,50.00
1986.7,Fast50,13,-816.7,True,"barrier:NorthBarrier/Fence/BayCollider",1966.10,"BayCollider (NorthBarrier)",22.2,24.4,0,50.00
1986.7,Fast50,14,-778.7,True,"barrier:NorthBarrier/Fence/BayCollider",1966.10,"BayCollider (NorthBarrier)",24.9,24.4,0,50.00
1986.7,Fast50,15,-741.7,True,"barrier:NorthBarrier/Fence/BayCollider",1966.10,"BayCollider (NorthBarrier)",24.9,24.4,0,50.00
1986.7,Fast50,16,-703.7,True,"backstop",1983.25,"Backstop_028 (WorldBounds)",42.0,41.6,0,50.00
1986.7,Fast50,17,-665.7,True,"barrier:NorthBarrier/Fence/BayCollider",1966.10,"BayCollider (NorthBarrier)",42.0,24.4,0,50.00
1986.7,Fast50,18,-627.7,True,"barrier:NorthBarrier/Fence/BayCollider",1966.10,"BayCollider (NorthBarrier)",24.9,24.4,0,50.00
1986.7,Fast50,19,-589.7,True,"barrier:NorthBarrier/Fence/BayCollider",1966.10,"BayCollider (NorthBarrier)",24.9,24.4,0,50.00
1986.7,Fast50,20,-551.7,True,"barrier:NorthBarrier/Fence/BayCollider",1966.10,"BayCollider (NorthBarrier)",42.0,24.4,0,50.00
1986.7,Fast50,21,-514.7,True,"barrier:NorthBarrier/Fence/BayCollider",1966.10,"BayCollider (NorthBarrier)",42.0,24.4,0,50.00
1986.7,Fast50,22,-476.7,True,"barrier:NorthBarrier/Fence/BayCollider",1966.10,"BayCollider (NorthBarrier)",24.9,24.4,0,50.00
1986.7,Fast50,23,-438.7,True,"barrier:NorthBarrier/Fence/BayCollider",1966.10,"BayCollider (NorthBarrier)",24.9,24.4,0,50.00
1986.7,Fast50,24,-400.7,True,"barrier:NorthBarrier/Fence/BayCollider",1966.10,"BayCollider (NorthBarrier)",24.9,24.4,0,50.00
1986.7,Fast50,25,-363.7,True,"barrier:NorthBarrier/Fence/BayCollider",1966.10,"BayCollider (NorthBarrier)",24.9,24.4,0,50.00
1986.7,Fast50,26,-325.7,True,"barrier:NorthBarrier/Fence/BayCollider",1966.10,"BayCollider (NorthBarrier)",24.9,24.4,0,50.00
1986.7,Fast50,27,-287.7,True,"barrier:NorthBarrier/Fence/BayCollider",1966.10,"BayCollider (NorthBarrier)",24.9,24.4,0,50.00
1986.7,Fast50,28,-249.7,True,"barrier:NorthBarrier/Fence/BayCollider",1966.10,"BayCollider (NorthBarrier)",24.9,24.4,0,50.00
1986.7,Fast50,29,-212.7,True,"barrier:NorthBarrier/Fence/BayCollider",1966.10,"BayCollider (NorthBarrier)",24.9,24.4,0,50.00
1986.7,Fast50,30,-174.7,True,"barrier:NorthBarrier/Fence/BayCollider",1966.10,"BayCollider (NorthBarrier)",24.9,24.4,0,50.00
1986.7,Fast50,31,-136.7,True,"barrier:NorthBarrier/Fence/BayCollider",1966.10,"BayCollider (NorthBarrier)",24.9,24.4,0,50.00
1986.7,Fast50,32,-98.7,True,"barrier:NorthBarrier/Fence/BayCollider",1966.10,"BayCollider (NorthBarrier)",24.9,24.4,0,50.00
1986.7,Fast50,33,-60.7,True,"barrier:NorthBarrier/Fence/BayCollider",1966.10,"BayCollider (NorthBarrier)",24.9,24.4,0,50.00
1986.7,Fast50,34,-23.7,True,"barrier:NorthBarrier/Fence/BayCollider",1966.10,"BayCollider (NorthBarrier)",24.9,24.4,0,50.00
1986.7,Fast50,35,14.3,True,"barrier:NorthBarrier/Fence/BayCollider",1966.10,"BayCollider (NorthBarrier)",24.9,24.4,0,50.00
1986.7,Fast50,36,52.3,True,"barrier:NorthBarrier/Fence/BayCollider",1966.10,"BayCollider (NorthBarrier)",24.9,24.4,0,50.00
1986.7,Fast50,37,90.3,True,"barrier:NorthBarrier/Fence/BayCollider",1966.10,"BayCollider (NorthBarrier)",24.9,24.4,0,50.00
1986.7,Fast50,38,127.3,True,"backstop",1983.25,"Backstop_046 (WorldBounds)",42.0,41.6,0,50.00
1986.7,Fast50,39,165.3,True,"barrier:NorthBarrier/Fence/BayCollider",1966.10,"BayCollider (NorthBarrier)",24.9,24.4,0,50.00
1986.7,Fast50,40,203.3,True,"barrier:NorthBarrier/Fence/BayCollider",1966.10,"BayCollider (NorthBarrier)",24.9,24.4,0,50.00
1986.7,Fast50,41,241.3,True,"barrier:NorthBarrier/Fence/BayCollider",1966.10,"BayCollider (NorthBarrier)",24.9,24.4,0,50.00
1986.7,Fast50,42,279.3,True,"barrier:NorthBarrier/Fence/BayCollider",1966.10,"BayCollider (NorthBarrier)",42.0,24.4,0,50.00
1986.7,Fast50,43,316.3,True,"barrier:NorthBarrier/Fence/BayCollider",1966.10,"BayCollider (NorthBarrier)",24.9,24.4,0,50.00
1986.7,Fast50,44,354.3,True,"barrier:NorthBarrier/Fence/BayCollider",1966.10,"BayCollider (NorthBarrier)",24.9,24.4,0,50.00
1986.7,Fast50,45,392.3,True,"barrier:NorthBarrier/Fence/BayCollider",1966.10,"BayCollider (NorthBarrier)",42.0,24.4,0,50.00
1986.7,Fast50,46,430.3,True,"barrier:NorthBarrier/Fence/BayCollider",1966.10,"BayCollider (NorthBarrier)",42.0,24.4,0,50.00
1986.7,Fast50,47,467.3,True,"barrier:NorthBarrier/Fence/BayCollider",1966.10,"BayCollider (NorthBarrier)",24.9,24.4,0,50.00
1986.7,Fast50,48,505.3,True,"barrier:NorthBarrier/Fence/BayCollider",1966.10,"BayCollider (NorthBarrier)",24.9,24.4,0,50.00
1986.7,Fast50,49,543.3,True,"barrier:NorthBarrier/Fence/BayCollider",1966.11,"BayCollider (NorthBarrier)",41.0,23.4,0,50.00
1986.7,LakeBedW walk,0,-1997.0,True,"backstop",1983.25,"Backstop_002 (WorldBounds)",42.0,41.6,0,5.00
1986.7,LakeBedW sprint,0,-1997.0,True,"backstop",1983.25,"Backstop_002 (WorldBounds)",42.0,41.6,0,8.01
1986.7,LakeBedW walk,1,-1857.0,True,"backstop",1983.25,"Backstop_005 (WorldBounds)",42.0,41.6,0,5.00
1986.7,LakeBedW sprint,1,-1857.0,True,"backstop",1983.25,"Backstop_005 (WorldBounds)",42.0,41.6,0,8.01
1986.7,LakeBedW walk,2,-1718.0,True,"backstop",1983.25,"Backstop_008 (WorldBounds)",42.0,41.6,0,5.00
1986.7,LakeBedW sprint,2,-1718.0,True,"backstop",1983.25,"Backstop_008 (WorldBounds)",42.0,41.6,0,8.01
1986.7,LakeBedW walk,3,-1579.0,True,"backstop",1983.25,"Backstop_011 (WorldBounds)",42.0,41.6,0,5.00
1986.7,LakeBedW sprint,3,-1579.0,True,"backstop",1983.25,"Backstop_011 (WorldBounds)",42.0,41.6,0,8.01
1986.7,LakeBedW walk,4,-1439.0,True,"backstop",1983.25,"Backstop_014 (WorldBounds)",42.0,41.6,0,5.00
1986.7,LakeBedW sprint,4,-1439.0,True,"backstop",1983.25,"Backstop_014 (WorldBounds)",42.0,41.6,0,8.01
1986.7,LakeBedE walk,0,599.0,True,"backstop",1983.25,"Backstop_056 (WorldBounds)",42.0,41.6,0,5.00
1986.7,LakeBedE sprint,0,599.0,True,"backstop",1983.25,"Backstop_056 (WorldBounds)",42.0,41.6,0,8.01
1986.7,LakeBedE walk,1,929.0,True,"backstop",1983.25,"Backstop_063 (WorldBounds)",42.0,41.6,0,5.00
1986.7,LakeBedE sprint,1,929.0,True,"backstop",1983.25,"Backstop_063 (WorldBounds)",42.0,41.6,0,8.01
1986.7,LakeBedE walk,2,1259.0,True,"backstop",1983.25,"Backstop_069 (WorldBounds)",42.0,41.6,0,5.00
1986.7,LakeBedE sprint,2,1259.0,True,"backstop",1983.25,"Backstop_069 (WorldBounds)",42.0,41.6,0,8.01
1986.7,LakeBedE walk,3,1589.0,True,"backstop",1983.25,"Backstop_076 (WorldBounds)",42.0,41.6,0,5.00
1986.7,LakeBedE sprint,3,1589.0,True,"backstop",1983.25,"Backstop_076 (WorldBounds)",42.0,41.6,0,8.01
1986.7,LakeBedE walk,4,1919.0,True,"backstop",1983.25,"Backstop_083 (WorldBounds)",42.0,41.6,0,5.00
1986.7,LakeBedE sprint,4,1919.0,True,"backstop",1983.25,"Backstop_083 (WorldBounds)",42.0,41.6,0,8.01
1986.7,WestEnd north,0,-1997.0,True,"backstop",1983.25,"Backstop_002 (WorldBounds)",42.0,41.6,0,8.01
1986.7,WestEnd outward60,0,-1997.0,True,"backstop",1983.28,"Backstop_002 (WorldBounds)",84.0,100.7,0,8.00
1986.7,EastEnd north,0,1919.0,True,"backstop",1983.25,"Backstop_083 (WorldBounds)",42.0,41.6,0,8.01
1986.7,EastEnd outward60,0,1919.0,True,"backstop",1983.28,"Backstop_083 (WorldBounds)",84.0,100.6,0,8.00
